"{'pe_allocation': [0, 0, 0], 'mem_allocation': [1, 0, 0], 'bus_allocation': [1, 1, 0], 'pe_to_bus_connection': [1, 0, 0], 'bus_to_bus_connection': [1, -1, -1], 'bus_to_mem_connection': [0, -1, 1], 'task_to_pe_mapping': [1, 0, 0, 0, 0, 1, 0, 1], 'task_to_mem_mapping': [0, 0, 0, 1, 0, 0, 1, 0]}",99.8421401977539,"[3.294826030731201, 0.04312141239643097, 2.4572539132350357e-06]"
"{'pe_allocation': [0, 0, 0], 'mem_allocation': [0, 1, 1], 'bus_allocation': [2, 2, 1], 'pe_to_bus_connection': [0, 1, 0], 'bus_to_bus_connection': [1, -1, -1], 'bus_to_mem_connection': [0, -1, -1], 'task_to_pe_mapping': [1, 0, 1, 1, 0, 1, 0, 0], 'task_to_mem_mapping': [0, 0, 1, 1, 0, 1, 1, 0]}",92.17093658447266,"[2.868838310241699, 0.08556438982486725, 2.375410076638218e-06]"
"{'pe_allocation': [0, 0, 0], 'mem_allocation': [2, 0, 2], 'bus_allocation': [1, 0, 2], 'pe_to_bus_connection': [0, 1, 0], 'bus_to_bus_connection': [1, -1, -1], 'bus_to_mem_connection': [0, -1, -1], 'task_to_pe_mapping': [0, 0, 1, 0, 0, 0, 0, 0], 'task_to_mem_mapping': [1, 1, 1, 1, 1, 1, 1, 0]}",-10000.0,"[1000.0, 1000.0, 1000.0]"
"{'pe_allocation': [0, 0, 0], 'mem_allocation': [2, 0, 2], 'bus_allocation': [1, 2, 2], 'pe_to_bus_connection': [1, 0, 0], 'bus_to_bus_connection': [1, -1, 0], 'bus_to_mem_connection': [1, -1, 0], 'task_to_pe_mapping': [1, 0, 0, 0, 0, 0, 0, 0], 'task_to_mem_mapping': [1, 1, 1, 0, 1, 0, 0, 0]}",99.90687561035156,"[3.2964608669281006, 0.04326691851019859, 2.162566261176835e-06]"
"{'pe_allocation': [0, 0, 0], 'mem_allocation': [2, 2, 0], 'bus_allocation': [0, 2, 0], 'pe_to_bus_connection': [1, 1, 1], 'bus_to_bus_connection': [1, -1, 0], 'bus_to_mem_connection': [1, 0, -1], 'task_to_pe_mapping': [1, 0, 1, 1, 0, 0, 1, 0], 'task_to_mem_mapping': [1, 1, 1, 1, 0, 0, 0, 1]}",91.74382019042969,"[2.852454423904419, 0.08604289591312408, 2.736339183684322e-06]"
"{'pe_allocation': [0, 0, 0], 'mem_allocation': [1, 0, 0], 'bus_allocation': [1, 2, 1], 'pe_to_bus_connection': [0, 0, 0], 'bus_to_bus_connection': [1, 0, 1], 'bus_to_mem_connection': [0, -1, -1], 'task_to_pe_mapping': [0, 1, 0, 0, 1, 1, 1, 1], 'task_to_mem_mapping': [0, 0, 1, 1, 0, 0, 0, 1]}",91.68905639648438,"[2.852454423904419, 0.08556438982486725, 2.375410076638218e-06]"
"{'pe_allocation': [0, 0, 0], 'mem_allocation': [1, 0, 1], 'bus_allocation': [0, 1, 1], 'pe_to_bus_connection': [0, 0, 1], 'bus_to_bus_connection': [1, -1, 1], 'bus_to_mem_connection': [1, -1, -1], 'task_to_pe_mapping': [1, 1, 0, 1, 0, 1, 1, 1], 'task_to_mem_mapping': [1, 0, 1, 1, 0, 0, 0, 1]}",91.68905639648438,"[2.852454423904419, 0.08556438982486725, 2.375410076638218e-06]"
"{'pe_allocation': [0, 0, 0], 'mem_allocation': [2, 0, 2], 'bus_allocation': [2, 0, 2], 'pe_to_bus_connection': [1, 1, 0], 'bus_to_bus_connection': [1, 0, 1], 'bus_to_mem_connection': [-1, -1, 0], 'task_to_pe_mapping': [1, 1, 1, 1, 1, 0, 0, 1], 'task_to_mem_mapping': [0, 1, 0, 0, 0, 0, 1, 0]}",91.68905639648438,"[2.852454423904419, 0.08556438982486725, 2.375410076638218e-06]"
"{'pe_allocation': [0, 0, 0], 'mem_allocation': [1, 2, 1], 'bus_allocation': [2, 2, 1], 'pe_to_bus_connection': [0, 0, 0], 'bus_to_bus_connection': [1, -1, 0], 'bus_to_mem_connection': [0, 1, -1], 'task_to_pe_mapping': [1, 1, 0, 1, 1, 1, 1, 1], 'task_to_mem_mapping': [0, 0, 1, 1, 0, 0, 1, 1]}",88.44979095458984,"[2.8737571239471436, 0.05178873613476753, 2.730722371779848e-06]"
"{'pe_allocation': [0, 0, 0], 'mem_allocation': [2, 2, 2], 'bus_allocation': [1, 0, 1], 'pe_to_bus_connection': [1, 0, 0], 'bus_to_bus_connection': [1, 0, 0], 'bus_to_mem_connection': [1, -1, -1], 'task_to_pe_mapping': [0, 1, 0, 1, 1, 1, 0, 1], 'task_to_mem_mapping': [1, 0, 1, 0, 1, 1, 1, 0]}",88.43186950683594,"[2.8737571239471436, 0.05163218453526497, 2.030730001933989e-06]"
"{'pe_allocation': [0, 0, 0], 'mem_allocation': [1, 1, 2], 'bus_allocation': [0, 0, 2], 'pe_to_bus_connection': [0, 0, 0], 'bus_to_bus_connection': [1, 0, 1], 'bus_to_mem_connection': [-1, -1, 1], 'task_to_pe_mapping': [1, 1, 0, 0, 1, 0, 0, 0], 'task_to_mem_mapping': [0, 0, 0, 1, 0, 1, 1, 0]}",-10000.0,"[1000.0, 1000.0, 1000.0]"
"{'pe_allocation': [0, 0, 0], 'mem_allocation': [2, 0, 1], 'bus_allocation': [2, 1, 0], 'pe_to_bus_connection': [1, 0, 0], 'bus_to_bus_connection': [-1, 0, 0], 'bus_to_mem_connection': [1, -1, -1], 'task_to_pe_mapping': [0, 0, 0, 0, 0, 0, 1, 0], 'task_to_mem_mapping': [1, 1, 1, 1, 0, 1, 1, 0]}",99.8471908569336,"[3.294826030731201, 0.04316553846001625, 2.4572539132350357e-06]"
"{'pe_allocation': [0, 0, 0], 'mem_allocation': [2, 2, 1], 'bus_allocation': [1, 1, 2], 'pe_to_bus_connection': [1, 0, 0], 'bus_to_bus_connection': [-1, 0, 1], 'bus_to_mem_connection': [0, 1, -1], 'task_to_pe_mapping': [1, 0, 1, 0, 0, 1, 1, 0], 'task_to_mem_mapping': [1, 0, 1, 1, 0, 1, 1, 1]}",91.9527587890625,"[2.8590080738067627, 0.08618426322937012, 2.6931168122246163e-06]"
"{'pe_allocation': [0, 0, 0], 'mem_allocation': [2, 2, 2], 'bus_allocation': [0, 1, 2], 'pe_to_bus_connection': [1, 0, 0], 'bus_to_bus_connection': [1, 0, 1], 'bus_to_mem_connection': [0, -1, 1], 'task_to_pe_mapping': [0, 0, 1, 0, 0, 0, 0, 1], 'task_to_mem_mapping': [1, 1, 0, 1, 0, 0, 1, 0]}",88.50387573242188,"[2.875391960144043, 0.051841169595718384, 2.730722371779848e-06]"
"{'pe_allocation': [0, 0, 0], 'mem_allocation': [1, 0, 2], 'bus_allocation': [2, 1, 1], 'pe_to_bus_connection': [1, 0, 0], 'bus_to_bus_connection': [-1, 0, -1], 'bus_to_mem_connection': [-1, 1, 0], 'task_to_pe_mapping': [1, 0, 1, 1, 0, 0, 0, 1], 'task_to_mem_mapping': [0, 0, 0, 1, 1, 1, 1, 0]}",-10000.0,"[1000.0, 1000.0, 1000.0]"
"{'pe_allocation': [0, 0, 0], 'mem_allocation': [1, 0, 1], 'bus_allocation': [1, 0, 2], 'pe_to_bus_connection': [0, 1, 0], 'bus_to_bus_connection': [-1, 0, 0], 'bus_to_mem_connection': [0, -1, 1], 'task_to_pe_mapping': [1, 1, 1, 1, 1, 1, 0, 1], 'task_to_mem_mapping': [0, 1, 0, 0, 0, 0, 0, 1]}",99.83871459960938,"[3.294826030731201, 0.043091483414173126, 2.730722371779848e-06]"
"{'pe_allocation': [0, 0, 0], 'mem_allocation': [0, 1, 1], 'bus_allocation': [0, 1, 0], 'pe_to_bus_connection': [1, 1, 0], 'bus_to_bus_connection': [-1, 0, 1], 'bus_to_mem_connection': [-1, 0, 1], 'task_to_pe_mapping': [1, 0, 0, 1, 1, 0, 1, 1], 'task_to_mem_mapping': [1, 0, 0, 0, 1, 1, 1, 1]}",91.9527587890625,"[2.8590080738067627, 0.08618426322937012, 2.6931168122246163e-06]"
"{'pe_allocation': [0, 0, 0], 'mem_allocation': [1, 2, 1], 'bus_allocation': [0, 2, 0], 'pe_to_bus_connection': [0, 0, 1], 'bus_to_bus_connection': [-1, -1, 1], 'bus_to_mem_connection': [-1, 1, -1], 'task_to_pe_mapping': [0, 0, 1, 1, 1, 1, 0, 1], 'task_to_mem_mapping': [0, 0, 0, 0, 0, 1, 1, 0]}",-10000.0,"[1000.0, 1000.0, 1000.0]"
"{'pe_allocation': [0, 0, 0], 'mem_allocation': [0, 0, 1], 'bus_allocation': [1, 0, 1], 'pe_to_bus_connection': [0, 1, 1], 'bus_to_bus_connection': [1, 0, 1], 'bus_to_mem_connection': [-1, -1, 1], 'task_to_pe_mapping': [0, 1, 1, 1, 0, 1, 0, 1], 'task_to_mem_mapping': [1, 0, 1, 1, 0, 1, 1, 1]}",92.14781951904297,"[2.8672034740448, 0.08578251302242279, 2.030730001933989e-06]"
"{'pe_allocation': [0, 0, 0], 'mem_allocation': [2, 0, 2], 'bus_allocation': [2, 0, 1], 'pe_to_bus_connection': [1, 0, 1], 'bus_to_bus_connection': [-1, 0, 1], 'bus_to_mem_connection': [-1, -1, 0], 'task_to_pe_mapping': [1, 0, 0, 1, 1, 1, 0, 0], 'task_to_mem_mapping': [1, 1, 1, 0, 0, 0, 1, 1]}",-10000.0,"[1000.0, 1000.0, 1000.0]"
"{'pe_allocation': [0, 0, 0], 'mem_allocation': [2, 0, 1], 'bus_allocation': [0, 2, 2], 'pe_to_bus_connection': [1, 1, 0], 'bus_to_bus_connection': [-1, 0, 0], 'bus_to_mem_connection': [-1, 1, 0], 'task_to_pe_mapping': [0, 1, 0, 0, 0, 0, 1, 1], 'task_to_mem_mapping': [1, 0, 1, 1, 1, 1, 1, 0]}",99.88005065917969,"[3.2964608669281006, 0.043032512068748474, 2.730722371779848e-06]"
"{'pe_allocation': [0, 0, 0], 'mem_allocation': [2, 2, 1], 'bus_allocation': [0, 0, 1], 'pe_to_bus_connection': [0, 0, 0], 'bus_to_bus_connection': [1, -1, 1], 'bus_to_mem_connection': [0, -1, -1], 'task_to_pe_mapping': [1, 0, 1, 0, 0, 0, 0, 1], 'task_to_mem_mapping': [0, 0, 0, 1, 0, 0, 1, 1]}",88.49976348876953,"[2.875391960144043, 0.051805280148983, 2.4572539132350357e-06]"
"{'pe_allocation': [0, 0, 0], 'mem_allocation': [1, 0, 0], 'bus_allocation': [0, 0, 2], 'pe_to_bus_connection': [1, 1, 1], 'bus_to_bus_connection': [-1, 0, -1], 'bus_to_mem_connection': [-1, 1, -1], 'task_to_pe_mapping': [0, 1, 0, 1, 1, 0, 0, 1], 'task_to_mem_mapping': [0, 1, 0, 0, 1, 0, 1, 1]}",88.49976348876953,"[2.875391960144043, 0.051805280148983, 2.4572539132350357e-06]"
"{'pe_allocation': [0, 0, 0], 'mem_allocation': [1, 1, 2], 'bus_allocation': [0, 0, 0], 'pe_to_bus_connection': [1, 1, 1], 'bus_to_bus_connection': [1, 0, 0], 'bus_to_mem_connection': [1, 0, -1], 'task_to_pe_mapping': [0, 0, 0, 0, 1, 0, 1, 0], 'task_to_mem_mapping': [0, 0, 1, 1, 1, 0, 1, 1]}",92.24369812011719,"[2.868838310241699, 0.08620013296604156, 2.6931168122246163e-06]"
"{'pe_allocation': [0, 0, 0], 'mem_allocation': [1, 1, 1], 'bus_allocation': [2, 1, 0], 'pe_to_bus_connection': [1, 1, 1], 'bus_to_bus_connection': [-1, 0, 0], 'bus_to_mem_connection': [-1, 0, -1], 'task_to_pe_mapping': [1, 0, 0, 1, 1, 1, 0, 1], 'task_to_mem_mapping': [1, 0, 1, 1, 0, 0, 0, 0]}",92.24369812011719,"[2.868838310241699, 0.08620013296604156, 2.6931168122246163e-06]"
"{'pe_allocation': [0, 0, 0], 'mem_allocation': [1, 1, 2], 'bus_allocation': [1, 1, 0], 'pe_to_bus_connection': [1, 1, 1], 'bus_to_bus_connection': [1, 0, 0], 'bus_to_mem_connection': [-1, 1, -1], 'task_to_pe_mapping': [0, 0, 1, 1, 1, 0, 0, 0], 'task_to_mem_mapping': [1, 0, 1, 1, 0, 0, 0, 1]}",92.24369812011719,"[2.868838310241699, 0.08620013296604156, 2.6931168122246163e-06]"
"{'pe_allocation': [0, 0, 0], 'mem_allocation': [1, 2, 2], 'bus_allocation': [1, 1, 0], 'pe_to_bus_connection': [0, 1, 1], 'bus_to_bus_connection': [-1, 0, -1], 'bus_to_mem_connection': [0, -1, -1], 'task_to_pe_mapping': [1, 1, 1, 0, 0, 1, 0, 0], 'task_to_mem_mapping': [1, 0, 1, 0, 1, 0, 1, 1]}",-10000.0,"[1000.0, 1000.0, 1000.0]"
"{'pe_allocation': [0, 0, 0], 'mem_allocation': [2, 1, 2], 'bus_allocation': [2, 2, 1], 'pe_to_bus_connection': [1, 1, 0], 'bus_to_bus_connection': [1, -1, 1], 'bus_to_mem_connection': [0, 1, -1], 'task_to_pe_mapping': [1, 0, 0, 1, 1, 0, 0, 1], 'task_to_mem_mapping': [0, 1, 0, 0, 0, 0, 1, 1]}",88.44483184814453,"[2.8733880519866943, 0.051840297877788544, 2.730722371779848e-06]"
"{'pe_allocation': [0, 0, 0], 'mem_allocation': [0, 0, 1], 'bus_allocation': [0, 2, 0], 'pe_to_bus_connection': [1, 0, 0], 'bus_to_bus_connection': [1, -1, 1], 'bus_to_mem_connection': [0, -1, 1], 'task_to_pe_mapping': [1, 1, 0, 1, 0, 0, 1, 1], 'task_to_mem_mapping': [0, 0, 0, 1, 0, 0, 0, 1]}",92.1622314453125,"[2.8850858211517334, 0.08131326735019684, 2.736339183684322e-06]"
"{'pe_allocation': [0, 0, 0], 'mem_allocation': [0, 1, 2], 'bus_allocation': [2, 2, 0], 'pe_to_bus_connection': [1, 1, 1], 'bus_to_bus_connection': [1, 0, -1], 'bus_to_mem_connection': [1, 0, -1], 'task_to_pe_mapping': [1, 1, 0, 1, 1, 0, 1, 1], 'task_to_mem_mapping': [1, 1, 1, 0, 1, 0, 1, 0]}",88.44444274902344,"[2.8735110759735107, 0.051805280148983, 2.736339183684322e-06]"
"{'pe_allocation': [0, 0, 0], 'mem_allocation': [1, 1, 1], 'bus_allocation': [0, 1, 0], 'pe_to_bus_connection': [1, 0, 0], 'bus_to_bus_connection': [1, -1, -1], 'bus_to_mem_connection': [-1, -1, 0], 'task_to_pe_mapping': [1, 0, 1, 0, 1, 0, 0, 1], 'task_to_mem_mapping': [0, 0, 1, 0, 1, 0, 1, 0]}",-10000.0,"[1000.0, 1000.0, 1000.0]"
"{'pe_allocation': [0, 0, 0], 'mem_allocation': [2, 2, 1], 'bus_allocation': [0, 1, 0], 'pe_to_bus_connection': [1, 0, 1], 'bus_to_bus_connection': [-1, -1, -1], 'bus_to_mem_connection': [1, -1, 0], 'task_to_pe_mapping': [0, 0, 0, 1, 0, 0, 0, 1], 'task_to_mem_mapping': [0, 1, 1, 1, 0, 1, 1, 0]}",-10000.0,"[1000.0, 1000.0, 1000.0]"
"{'pe_allocation': [0, 0, 0], 'mem_allocation': [2, 2, 0], 'bus_allocation': [0, 2, 2], 'pe_to_bus_connection': [0, 1, 1], 'bus_to_bus_connection': [1, -1, -1], 'bus_to_mem_connection': [1, -1, 0], 'task_to_pe_mapping': [1, 0, 0, 0, 0, 0, 1, 1], 'task_to_mem_mapping': [1, 1, 0, 0, 1, 0, 0, 1]}",99.879638671875,"[3.2964608669281006, 0.043028946965932846, 2.375410076638218e-06]"
"{'pe_allocation': [0, 0, 0], 'mem_allocation': [0, 0, 0], 'bus_allocation': [2, 2, 1], 'pe_to_bus_connection': [0, 1, 1], 'bus_to_bus_connection': [-1, 0, -1], 'bus_to_mem_connection': [-1, 1, -1], 'task_to_pe_mapping': [0, 0, 1, 0, 1, 1, 0, 1], 'task_to_mem_mapping': [1, 1, 0, 0, 1, 0, 0, 1]}",91.38636779785156,"[2.8590080738067627, 0.08123572915792465, 2.375410076638218e-06]"
"{'pe_allocation': [0, 0, 0], 'mem_allocation': [0, 0, 0], 'bus_allocation': [0, 2, 1], 'pe_to_bus_connection': [1, 1, 1], 'bus_to_bus_connection': [-1, 0, 1], 'bus_to_mem_connection': [1, -1, -1], 'task_to_pe_mapping': [1, 1, 0, 1, 1, 1, 0, 0], 'task_to_mem_mapping': [0, 1, 0, 1, 1, 1, 1, 0]}",-10000.0,"[1000.0, 1000.0, 1000.0]"
"{'pe_allocation': [0, 0, 0], 'mem_allocation': [2, 0, 2], 'bus_allocation': [1, 0, 1], 'pe_to_bus_connection': [0, 1, 0], 'bus_to_bus_connection': [-1, 0, 1], 'bus_to_mem_connection': [-1, 0, 1], 'task_to_pe_mapping': [0, 1, 0, 0, 1, 0, 1, 1], 'task_to_mem_mapping': [1, 0, 1, 0, 1, 1, 1, 1]}",92.26326751708984,"[2.868838310241699, 0.086371049284935, 2.6931168122246163e-06]"
"{'pe_allocation': [0, 0, 0], 'mem_allocation': [1, 0, 2], 'bus_allocation': [2, 0, 2], 'pe_to_bus_connection': [1, 0, 0], 'bus_to_bus_connection': [1, 0, -1], 'bus_to_mem_connection': [0, -1, -1], 'task_to_pe_mapping': [1, 1, 1, 1, 1, 0, 1, 0], 'task_to_mem_mapping': [0, 0, 0, 1, 1, 0, 1, 1]}",-10000.0,"[1000.0, 1000.0, 1000.0]"
"{'pe_allocation': [0, 0, 0], 'mem_allocation': [2, 1, 1], 'bus_allocation': [1, 0, 1], 'pe_to_bus_connection': [0, 1, 0], 'bus_to_bus_connection': [1, 0, 1], 'bus_to_mem_connection': [-1, 0, 1], 'task_to_pe_mapping': [0, 1, 0, 1, 0, 1, 0, 1], 'task_to_mem_mapping': [1, 1, 0, 1, 1, 0, 0, 0]}",89.78793334960938,"[2.868838310241699, 0.06474411487579346, 2.736339183684322e-06]"
"{'pe_allocation': [0, 0, 0], 'mem_allocation': [2, 2, 1], 'bus_allocation': [1, 2, 2], 'pe_to_bus_connection': [1, 0, 1], 'bus_to_bus_connection': [-1, -1, -1], 'bus_to_mem_connection': [-1, -1, 0], 'task_to_pe_mapping': [0, 0, 1, 0, 1, 0, 1, 1], 'task_to_mem_mapping': [1, 0, 1, 1, 1, 1, 1, 1]}",-10000.0,"[1000.0, 1000.0, 1000.0]"
"{'pe_allocation': [0, 0, 0], 'mem_allocation': [2, 0, 1], 'bus_allocation': [1, 2, 0], 'pe_to_bus_connection': [0, 1, 1], 'bus_to_bus_connection': [1, -1, 1], 'bus_to_mem_connection': [-1, -1, 1], 'task_to_pe_mapping': [1, 0, 0, 1, 1, 0, 0, 1], 'task_to_mem_mapping': [1, 0, 0, 0, 0, 1, 0, 0]}",91.82532501220703,"[2.8590080738067627, 0.0850709080696106, 1.6553123032281292e-06]"
"{'pe_allocation': [0, 0, 0], 'mem_allocation': [0, 0, 2], 'bus_allocation': [1, 1, 1], 'pe_to_bus_connection': [1, 1, 1], 'bus_to_bus_connection': [-1, 0, 1], 'bus_to_mem_connection': [1, -1, -1], 'task_to_pe_mapping': [1, 0, 0, 1, 0, 1, 1, 1], 'task_to_mem_mapping': [1, 1, 0, 1, 1, 0, 1, 0]}",89.76486206054688,"[2.868838310241699, 0.0645424947142601, 2.4572539132350357e-06]"
"{'pe_allocation': [0, 0, 0], 'mem_allocation': [2, 1, 2], 'bus_allocation': [2, 1, 1], 'pe_to_bus_connection': [1, 0, 0], 'bus_to_bus_connection': [-1, 0, 0], 'bus_to_mem_connection': [-1, -1, 0], 'task_to_pe_mapping': [1, 1, 0, 0, 1, 0, 1, 0], 'task_to_mem_mapping': [0, 0, 0, 0, 0, 1, 1, 0]}",92.216552734375,"[2.8672034740448, 0.08638303726911545, 2.5257979814341525e-06]"
"{'pe_allocation': [0, 0, 0], 'mem_allocation': [0, 1, 0], 'bus_allocation': [0, 1, 1], 'pe_to_bus_connection': [1, 1, 0], 'bus_to_bus_connection': [1, -1, 0], 'bus_to_mem_connection': [-1, 0, 1], 'task_to_pe_mapping': [1, 1, 1, 1, 1, 0, 1, 0], 'task_to_mem_mapping': [0, 1, 1, 0, 0, 1, 0, 1]}",99.90800476074219,"[3.2964608669281006, 0.04327679052948952, 2.6931168122246163e-06]"
"{'pe_allocation': [0, 0, 0], 'mem_allocation': [1, 1, 1], 'bus_allocation': [1, 1, 0], 'pe_to_bus_connection': [0, 0, 0], 'bus_to_bus_connection': [1, -1, -1], 'bus_to_mem_connection': [-1, 0, -1], 'task_to_pe_mapping': [1, 1, 1, 1, 1, 1, 0, 0], 'task_to_mem_mapping': [0, 0, 0, 1, 0, 0, 0, 0]}",99.8471908569336,"[3.294826030731201, 0.04316553846001625, 2.4572539132350357e-06]"
"{'pe_allocation': [0, 0, 0], 'mem_allocation': [2, 1, 2], 'bus_allocation': [0, 0, 2], 'pe_to_bus_connection': [0, 1, 1], 'bus_to_bus_connection': [1, 0, 0], 'bus_to_mem_connection': [1, 0, -1], 'task_to_pe_mapping': [1, 1, 0, 0, 1, 1, 1, 0], 'task_to_mem_mapping': [1, 1, 0, 0, 0, 1, 1, 0]}",92.70146179199219,"[2.884402275085449, 0.08620013296604156, 2.6931168122246163e-06]"
"{'pe_allocation': [0, 0, 0], 'mem_allocation': [1, 1, 2], 'bus_allocation': [2, 1, 1], 'pe_to_bus_connection': [1, 0, 1], 'bus_to_bus_connection': [-1, 0, 0], 'bus_to_mem_connection': [-1, 1, -1], 'task_to_pe_mapping': [1, 0, 1, 1, 0, 1, 0, 0], 'task_to_mem_mapping': [0, 0, 1, 0, 1, 0, 1, 0]}",-10000.0,"[1000.0, 1000.0, 1000.0]"
"{'pe_allocation': [0, 0, 0], 'mem_allocation': [2, 2, 2], 'bus_allocation': [1, 0, 1], 'pe_to_bus_connection': [0, 0, 1], 'bus_to_bus_connection': [-1, -1, -1], 'bus_to_mem_connection': [-1, -1, 1], 'task_to_pe_mapping': [0, 0, 0, 0, 0, 0, 0, 1], 'task_to_mem_mapping': [1, 1, 1, 1, 0, 0, 1, 0]}",-10000.0,"[1000.0, 1000.0, 1000.0]"
"{'pe_allocation': [0, 0, 0], 'mem_allocation': [1, 1, 0], 'bus_allocation': [1, 0, 1], 'pe_to_bus_connection': [1, 0, 1], 'bus_to_bus_connection': [1, -1, -1], 'bus_to_mem_connection': [-1, -1, 0], 'task_to_pe_mapping': [0, 1, 0, 1, 0, 1, 1, 1], 'task_to_mem_mapping': [0, 1, 0, 1, 0, 1, 0, 0]}",-10000.0,"[1000.0, 1000.0, 1000.0]"
"{'pe_allocation': [0, 0, 0], 'mem_allocation': [0, 1, 2], 'bus_allocation': [1, 0, 2], 'pe_to_bus_connection': [0, 1, 1], 'bus_to_bus_connection': [1, 0, 0], 'bus_to_mem_connection': [1, 0, -1], 'task_to_pe_mapping': [1, 0, 0, 0, 0, 1, 1, 1], 'task_to_mem_mapping': [0, 1, 1, 0, 0, 1, 0, 1]}",99.90800476074219,"[3.2964608669281006, 0.04327679052948952, 2.6931168122246163e-06]"
"{'pe_allocation': [0, 0, 0], 'mem_allocation': [1, 2, 1], 'bus_allocation': [0, 2, 2], 'pe_to_bus_connection': [0, 0, 0], 'bus_to_bus_connection': [1, 0, -1], 'bus_to_mem_connection': [1, 0, -1], 'task_to_pe_mapping': [0, 1, 1, 0, 1, 0, 0, 0], 'task_to_mem_mapping': [0, 0, 0, 1, 0, 0, 0, 1]}",89.78858947753906,"[2.868838310241699, 0.06474978476762772, 2.736339183684322e-06]"
"{'pe_allocation': [0, 0, 0], 'mem_allocation': [0, 0, 1], 'bus_allocation': [2, 0, 2], 'pe_to_bus_connection': [1, 0, 0], 'bus_to_bus_connection': [1, -1, -1], 'bus_to_mem_connection': [-1, -1, 0], 'task_to_pe_mapping': [1, 0, 1, 0, 0, 1, 1, 0], 'task_to_mem_mapping': [1, 0, 0, 1, 1, 1, 0, 1]}",-10000.0,"[1000.0, 1000.0, 1000.0]"
"{'pe_allocation': [0, 0, 0], 'mem_allocation': [0, 2, 0], 'bus_allocation': [1, 1, 0], 'pe_to_bus_connection': [1, 1, 1], 'bus_to_bus_connection': [1, -1, -1], 'bus_to_mem_connection': [-1, 0, -1], 'task_to_pe_mapping': [1, 0, 0, 1, 1, 0, 0, 1], 'task_to_mem_mapping': [1, 0, 1, 0, 0, 0, 1, 1]}",89.78858947753906,"[2.868838310241699, 0.06474978476762772, 2.736339183684322e-06]"
"{'pe_allocation': [0, 0, 0], 'mem_allocation': [2, 0, 0], 'bus_allocation': [0, 0, 1], 'pe_to_bus_connection': [1, 0, 1], 'bus_to_bus_connection': [-1, 0, 0], 'bus_to_mem_connection': [-1, -1, 0], 'task_to_pe_mapping': [0, 1, 1, 1, 1, 1, 1, 1], 'task_to_mem_mapping': [1, 1, 1, 1, 0, 0, 1, 0]}",-10000.0,"[1000.0, 1000.0, 1000.0]"
"{'pe_allocation': [0, 0, 0], 'mem_allocation': [1, 0, 0], 'bus_allocation': [1, 0, 2], 'pe_to_bus_connection': [1, 0, 0], 'bus_to_bus_connection': [-1, 0, -1], 'bus_to_mem_connection': [-1, -1, 0], 'task_to_pe_mapping': [0, 0, 0, 0, 0, 0, 0, 0], 'task_to_mem_mapping': [1, 0, 0, 0, 0, 1, 1, 0]}",-10000.0,"[1000.0, 1000.0, 1000.0]"
"{'pe_allocation': [0, 0, 0], 'mem_allocation': [0, 0, 2], 'bus_allocation': [2, 0, 2], 'pe_to_bus_connection': [1, 1, 1], 'bus_to_bus_connection': [-1, -1, 0], 'bus_to_mem_connection': [-1, -1, 0], 'task_to_pe_mapping': [1, 1, 1, 1, 1, 1, 0, 1], 'task_to_mem_mapping': [0, 1, 1, 1, 1, 1, 0, 0]}",-10000.0,"[1000.0, 1000.0, 1000.0]"
"{'pe_allocation': [0, 0, 0], 'mem_allocation': [2, 2, 2], 'bus_allocation': [1, 1, 0], 'pe_to_bus_connection': [1, 1, 1], 'bus_to_bus_connection': [-1, 0, 0], 'bus_to_mem_connection': [-1, -1, 1], 'task_to_pe_mapping': [1, 0, 1, 0, 0, 1, 1, 0], 'task_to_mem_mapping': [1, 0, 0, 1, 1, 1, 1, 0]}",91.90677642822266,"[2.8590080738067627, 0.08578252792358398, 2.030730001933989e-06]"
"{'pe_allocation': [0, 0, 0], 'mem_allocation': [1, 2, 2], 'bus_allocation': [1, 1, 0], 'pe_to_bus_connection': [0, 1, 1], 'bus_to_bus_connection': [-1, 0, 1], 'bus_to_mem_connection': [1, -1, -1], 'task_to_pe_mapping': [0, 1, 0, 0, 1, 0, 1, 0], 'task_to_mem_mapping': [0, 0, 1, 1, 1, 0, 1, 1]}",-10000.0,"[1000.0, 1000.0, 1000.0]"
"{'pe_allocation': [0, 0, 0], 'mem_allocation': [0, 1, 1], 'bus_allocation': [2, 0, 2], 'pe_to_bus_connection': [1, 0, 0], 'bus_to_bus_connection': [-1, 0, 0], 'bus_to_mem_connection': [-1, 1, -1], 'task_to_pe_mapping': [1, 1, 1, 1, 1, 0, 0, 0], 'task_to_mem_mapping': [1, 0, 1, 0, 1, 1, 1, 1]}",91.90677642822266,"[2.8590080738067627, 0.08578252792358398, 2.030730001933989e-06]"
"{'pe_allocation': [0, 0, 0], 'mem_allocation': [1, 1, 2], 'bus_allocation': [1, 1, 0], 'pe_to_bus_connection': [0, 1, 0], 'bus_to_bus_connection': [-1, -1, 1], 'bus_to_mem_connection': [-1, 0, -1], 'task_to_pe_mapping': [1, 1, 1, 0, 1, 0, 1, 0], 'task_to_mem_mapping': [0, 1, 1, 0, 1, 0, 1, 0]}",-10000.0,"[1000.0, 1000.0, 1000.0]"
"{'pe_allocation': [0, 0, 0], 'mem_allocation': [0, 2, 2], 'bus_allocation': [2, 0, 2], 'pe_to_bus_connection': [1, 1, 1], 'bus_to_bus_connection': [1, 0, 1], 'bus_to_mem_connection': [1, 0, -1], 'task_to_pe_mapping': [0, 1, 1, 0, 0, 1, 0, 1], 'task_to_mem_mapping': [0, 0, 1, 1, 0, 0, 0, 1]}",91.46952819824219,"[2.8590080738067627, 0.08196228742599487, 2.730722371779848e-06]"
"{'pe_allocation': [0, 0, 0], 'mem_allocation': [0, 1, 2], 'bus_allocation': [0, 0, 1], 'pe_to_bus_connection': [0, 0, 1], 'bus_to_bus_connection': [1, 0, 0], 'bus_to_mem_connection': [0, 1, -1], 'task_to_pe_mapping': [0, 1, 1, 0, 0, 1, 1, 1], 'task_to_mem_mapping': [0, 0, 1, 1, 0, 1, 0, 0]}",91.46952819824219,"[2.8590080738067627, 0.08196228742599487, 2.730722371779848e-06]"
"{'pe_allocation': [0, 0, 0], 'mem_allocation': [2, 2, 0], 'bus_allocation': [2, 0, 2], 'pe_to_bus_connection': [0, 1, 0], 'bus_to_bus_connection': [-1, -1, 1], 'bus_to_mem_connection': [-1, 0, -1], 'task_to_pe_mapping': [0, 1, 1, 0, 0, 1, 0, 0], 'task_to_mem_mapping': [0, 0, 0, 1, 1, 0, 0, 0]}",-10000.0,"[1000.0, 1000.0, 1000.0]"
"{'pe_allocation': [0, 0, 0], 'mem_allocation': [1, 2, 0], 'bus_allocation': [2, 1, 0], 'pe_to_bus_connection': [0, 0, 0], 'bus_to_bus_connection': [1, -1, -1], 'bus_to_mem_connection': [0, 1, -1], 'task_to_pe_mapping': [0, 0, 1, 1, 1, 0, 0, 0], 'task_to_mem_mapping': [0, 0, 1, 0, 1, 0, 1, 0]}",99.86993408203125,"[3.294826030731201, 0.04336421936750412, 2.730722371779848e-06]"
"{'pe_allocation': [0, 0, 0], 'mem_allocation': [0, 0, 0], 'bus_allocation': [2, 2, 2], 'pe_to_bus_connection': [0, 1, 1], 'bus_to_bus_connection': [-1, -1, 1], 'bus_to_mem_connection': [-1, 0, -1], 'task_to_pe_mapping': [0, 1, 0, 0, 1, 0, 0, 1], 'task_to_mem_mapping': [0, 0, 1, 1, 1, 1, 1, 0]}",-10000.0,"[1000.0, 1000.0, 1000.0]"
"{'pe_allocation': [0, 0, 0], 'mem_allocation': [0, 1, 0], 'bus_allocation': [1, 2, 0], 'pe_to_bus_connection': [0, 0, 1], 'bus_to_bus_connection': [1, 0, 1], 'bus_to_mem_connection': [-1, 1, -1], 'task_to_pe_mapping': [0, 0, 0, 1, 0, 1, 0, 1], 'task_to_mem_mapping': [1, 1, 1, 0, 1, 1, 0, 1]}",89.71844482421875,"[2.8672034740448, 0.0645570456981659, 2.4572539132350357e-06]"
"{'pe_allocation': [0, 0, 0], 'mem_allocation': [0, 0, 0], 'bus_allocation': [2, 1, 2], 'pe_to_bus_connection': [0, 0, 1], 'bus_to_bus_connection': [1, 0, 1], 'bus_to_mem_connection': [1, -1, 0], 'task_to_pe_mapping': [1, 1, 1, 0, 0, 0, 1, 1], 'task_to_mem_mapping': [1, 0, 0, 0, 0, 1, 1, 1]}",88.49134063720703,"[2.875391960144043, 0.051731694489717484, 3.0351229725056328e-06]"
"{'pe_allocation': [0, 0, 0], 'mem_allocation': [0, 2, 1], 'bus_allocation': [0, 1, 2], 'pe_to_bus_connection': [1, 1, 0], 'bus_to_bus_connection': [1, -1, 1], 'bus_to_mem_connection': [-1, 0, -1], 'task_to_pe_mapping': [1, 1, 0, 0, 1, 1, 0, 1], 'task_to_mem_mapping': [1, 0, 0, 0, 0, 1, 0, 0]}",88.49134063720703,"[2.875391960144043, 0.051731694489717484, 3.0351229725056328e-06]"
"{'pe_allocation': [0, 0, 0], 'mem_allocation': [1, 1, 0], 'bus_allocation': [1, 2, 0], 'pe_to_bus_connection': [1, 1, 0], 'bus_to_bus_connection': [1, 0, -1], 'bus_to_mem_connection': [-1, 0, -1], 'task_to_pe_mapping': [1, 1, 1, 1, 0, 0, 1, 0], 'task_to_mem_mapping': [1, 1, 1, 0, 1, 0, 1, 1]}",88.49134063720703,"[2.875391960144043, 0.051731694489717484, 3.0351229725056328e-06]"
"{'pe_allocation': [0, 0, 0], 'mem_allocation': [0, 0, 1], 'bus_allocation': [0, 0, 1], 'pe_to_bus_connection': [1, 1, 1], 'bus_to_bus_connection': [-1, 0, 0], 'bus_to_mem_connection': [1, -1, -1], 'task_to_pe_mapping': [1, 0, 0, 1, 0, 0, 1, 0], 'task_to_mem_mapping': [0, 1, 1, 0, 0, 0, 1, 0]}",-10000.0,"[1000.0, 1000.0, 1000.0]"
"{'pe_allocation': [0, 0, 0], 'mem_allocation': [1, 0, 1], 'bus_allocation': [0, 0, 1], 'pe_to_bus_connection': [0, 1, 0], 'bus_to_bus_connection': [1, 0, -1], 'bus_to_mem_connection': [-1, 0, -1], 'task_to_pe_mapping': [0, 0, 0, 0, 0, 1, 1, 1], 'task_to_mem_mapping': [1, 1, 0, 0, 0, 0, 1, 0]}",-10000.0,"[1000.0, 1000.0, 1000.0]"
"{'pe_allocation': [0, 0, 0], 'mem_allocation': [1, 2, 2], 'bus_allocation': [2, 0, 1], 'pe_to_bus_connection': [0, 1, 0], 'bus_to_bus_connection': [-1, 0, 1], 'bus_to_mem_connection': [-1, -1, 0], 'task_to_pe_mapping': [1, 1, 1, 0, 1, 1, 1, 0], 'task_to_mem_mapping': [1, 1, 0, 1, 0, 0, 0, 0]}",-10000.0,"[1000.0, 1000.0, 1000.0]"
"{'pe_allocation': [0, 0, 0], 'mem_allocation': [0, 1, 1], 'bus_allocation': [0, 0, 1], 'pe_to_bus_connection': [0, 0, 0], 'bus_to_bus_connection': [-1, -1, 0], 'bus_to_mem_connection': [-1, 0, -1], 'task_to_pe_mapping': [0, 1, 1, 1, 1, 0, 1, 1], 'task_to_mem_mapping': [0, 1, 1, 1, 0, 0, 1, 0]}",-10000.0,"[1000.0, 1000.0, 1000.0]"
"{'pe_allocation': [0, 0, 0], 'mem_allocation': [0, 0, 0], 'bus_allocation': [2, 0, 0], 'pe_to_bus_connection': [1, 1, 1], 'bus_to_bus_connection': [-1, -1, -1], 'bus_to_mem_connection': [-1, -1, 1], 'task_to_pe_mapping': [0, 1, 1, 1, 1, 0, 1, 0], 'task_to_mem_mapping': [1, 1, 0, 1, 1, 1, 1, 1]}",-10000.0,"[1000.0, 1000.0, 1000.0]"
"{'pe_allocation': [0, 0, 0], 'mem_allocation': [1, 0, 2], 'bus_allocation': [1, 0, 2], 'pe_to_bus_connection': [0, 0, 1], 'bus_to_bus_connection': [-1, 0, -1], 'bus_to_mem_connection': [1, -1, 0], 'task_to_pe_mapping': [0, 0, 1, 1, 0, 0, 0, 1], 'task_to_mem_mapping': [0, 0, 1, 0, 0, 0, 1, 0]}",88.49134063720703,"[2.875391960144043, 0.051731694489717484, 3.0351229725056328e-06]"
"{'pe_allocation': [0, 0, 0], 'mem_allocation': [1, 1, 2], 'bus_allocation': [1, 2, 2], 'pe_to_bus_connection': [0, 0, 1], 'bus_to_bus_connection': [1, 0, -1], 'bus_to_mem_connection': [1, -1, -1], 'task_to_pe_mapping': [0, 1, 0, 1, 0, 1, 1, 1], 'task_to_mem_mapping': [0, 1, 1, 1, 0, 1, 0, 0]}",88.49134063720703,"[2.875391960144043, 0.051731694489717484, 3.0351229725056328e-06]"
"{'pe_allocation': [0, 0, 0], 'mem_allocation': [2, 2, 2], 'bus_allocation': [2, 2, 0], 'pe_to_bus_connection': [1, 0, 1], 'bus_to_bus_connection': [-1, 0, 0], 'bus_to_mem_connection': [0, -1, 1], 'task_to_pe_mapping': [0, 0, 0, 1, 0, 1, 1, 0], 'task_to_mem_mapping': [0, 1, 1, 0, 1, 1, 1, 1]}",89.76883697509766,"[2.8672034740448, 0.06499730795621872, 2.6931168122246163e-06]"
"{'pe_allocation': [0, 0, 0], 'mem_allocation': [2, 2, 2], 'bus_allocation': [0, 1, 1], 'pe_to_bus_connection': [0, 1, 0], 'bus_to_bus_connection': [1, 0, -1], 'bus_to_mem_connection': [-1, 0, -1], 'task_to_pe_mapping': [0, 1, 0, 1, 0, 1, 1, 1], 'task_to_mem_mapping': [1, 0, 1, 1, 0, 1, 1, 0]}",-10000.0,"[1000.0, 1000.0, 1000.0]"
"{'pe_allocation': [0, 0, 0], 'mem_allocation': [0, 0, 1], 'bus_allocation': [0, 2, 0], 'pe_to_bus_connection': [1, 0, 1], 'bus_to_bus_connection': [1, -1, 1], 'bus_to_mem_connection': [-1, -1, 1], 'task_to_pe_mapping': [0, 1, 1, 0, 1, 1, 0, 1], 'task_to_mem_mapping': [1, 0, 0, 0, 0, 0, 0, 1]}",91.7772445678711,"[2.8573732376098633, 0.0850708931684494, 1.6553123032281292e-06]"
"{'pe_allocation': [0, 0, 0], 'mem_allocation': [0, 1, 1], 'bus_allocation': [0, 2, 0], 'pe_to_bus_connection': [0, 1, 1], 'bus_to_bus_connection': [1, -1, -1], 'bus_to_mem_connection': [1, -1, 0], 'task_to_pe_mapping': [0, 1, 1, 0, 0, 0, 0, 0], 'task_to_mem_mapping': [0, 1, 1, 0, 1, 0, 1, 1]}",-10000.0,"[1000.0, 1000.0, 1000.0]"
"{'pe_allocation': [0, 0, 0], 'mem_allocation': [1, 2, 2], 'bus_allocation': [0, 2, 2], 'pe_to_bus_connection': [1, 0, 0], 'bus_to_bus_connection': [1, -1, -1], 'bus_to_mem_connection': [-1, 1, 0], 'task_to_pe_mapping': [1, 1, 0, 1, 1, 1, 1, 1], 'task_to_mem_mapping': [1, 1, 1, 1, 0, 0, 0, 1]}",88.43843078613281,"[2.8737571239471436, 0.051689524203538895, 2.4572539132350357e-06]"
"{'pe_allocation': [0, 0, 0], 'mem_allocation': [0, 1, 0], 'bus_allocation': [1, 0, 1], 'pe_to_bus_connection': [1, 0, 1], 'bus_to_bus_connection': [1, -1, -1], 'bus_to_mem_connection': [-1, 1, 0], 'task_to_pe_mapping': [0, 0, 1, 1, 0, 0, 1, 0], 'task_to_mem_mapping': [0, 0, 1, 0, 0, 1, 1, 0]}",-10000.0,"[1000.0, 1000.0, 1000.0]"
"{'pe_allocation': [0, 0, 0], 'mem_allocation': [1, 2, 2], 'bus_allocation': [1, 0, 0], 'pe_to_bus_connection': [1, 1, 0], 'bus_to_bus_connection': [1, -1, 1], 'bus_to_mem_connection': [0, 1, -1], 'task_to_pe_mapping': [1, 0, 1, 0, 1, 1, 0, 1], 'task_to_mem_mapping': [1, 0, 1, 1, 1, 1, 1, 0]}",92.14891815185547,"[2.884402275085449, 0.08137257397174835, 2.730722371779848e-06]"
"{'pe_allocation': [0, 0, 0], 'mem_allocation': [0, 1, 2], 'bus_allocation': [2, 0, 1], 'pe_to_bus_connection': [1, 0, 0], 'bus_to_bus_connection': [-1, 0, 1], 'bus_to_mem_connection': [1, 0, -1], 'task_to_pe_mapping': [1, 0, 0, 0, 0, 0, 0, 0], 'task_to_mem_mapping': [0, 1, 0, 0, 1, 0, 1, 0]}",99.9093246459961,"[3.2964608669281006, 0.043288327753543854, 2.0431168650247855e-06]"
"{'pe_allocation': [0, 0, 0], 'mem_allocation': [0, 0, 1], 'bus_allocation': [2, 0, 0], 'pe_to_bus_connection': [0, 0, 1], 'bus_to_bus_connection': [1, -1, 1], 'bus_to_mem_connection': [-1, 1, -1], 'task_to_pe_mapping': [1, 0, 1, 1, 0, 0, 1, 0], 'task_to_mem_mapping': [0, 1, 0, 1, 1, 0, 1, 1]}",-10000.0,"[1000.0, 1000.0, 1000.0]"
"{'pe_allocation': [0, 0, 0], 'mem_allocation': [0, 0, 0], 'bus_allocation': [2, 2, 0], 'pe_to_bus_connection': [0, 1, 1], 'bus_to_bus_connection': [-1, 0, 1], 'bus_to_mem_connection': [-1, 0, -1], 'task_to_pe_mapping': [0, 0, 0, 1, 0, 0, 0, 0], 'task_to_mem_mapping': [0, 1, 0, 1, 1, 1, 0, 1]}",99.9093246459961,"[3.2964608669281006, 0.043288327753543854, 2.0431168650247855e-06]"
"{'pe_allocation': [0, 0, 0], 'mem_allocation': [0, 2, 2], 'bus_allocation': [0, 1, 1], 'pe_to_bus_connection': [0, 0, 0], 'bus_to_bus_connection': [-1, -1, -1], 'bus_to_mem_connection': [1, 0, -1], 'task_to_pe_mapping': [1, 0, 0, 0, 1, 1, 1, 0], 'task_to_mem_mapping': [1, 1, 0, 0, 1, 1, 0, 1]}",91.68905639648438,"[2.852454423904419, 0.08556438982486725, 2.375410076638218e-06]"
"{'pe_allocation': [0, 0, 0], 'mem_allocation': [1, 1, 0], 'bus_allocation': [2, 2, 0], 'pe_to_bus_connection': [1, 1, 0], 'bus_to_bus_connection': [-1, 0, 0], 'bus_to_mem_connection': [-1, -1, 0], 'task_to_pe_mapping': [0, 0, 0, 1, 0, 1, 1, 1], 'task_to_mem_mapping': [0, 1, 0, 1, 1, 0, 0, 0]}",91.68905639648438,"[2.852454423904419, 0.08556438982486725, 2.375410076638218e-06]"
"{'pe_allocation': [0, 0, 0], 'mem_allocation': [2, 0, 0], 'bus_allocation': [2, 0, 2], 'pe_to_bus_connection': [0, 0, 1], 'bus_to_bus_connection': [1, 0, 1], 'bus_to_mem_connection': [-1, 1, -1], 'task_to_pe_mapping': [0, 1, 0, 0, 1, 1, 1, 1], 'task_to_mem_mapping': [1, 1, 0, 0, 1, 1, 1, 1]}",91.68905639648438,"[2.852454423904419, 0.08556438982486725, 2.375410076638218e-06]"
"{'pe_allocation': [0, 0, 0], 'mem_allocation': [2, 1, 1], 'bus_allocation': [2, 0, 0], 'pe_to_bus_connection': [1, 1, 1], 'bus_to_bus_connection': [-1, 0, -1], 'bus_to_mem_connection': [1, 0, -1], 'task_to_pe_mapping': [0, 0, 1, 1, 1, 1, 0, 0], 'task_to_mem_mapping': [0, 1, 0, 0, 0, 0, 0, 1]}",99.88005065917969,"[3.2964608669281006, 0.043032512068748474, 2.730722371779848e-06]"
"{'pe_allocation': [0, 0, 0], 'mem_allocation': [0, 0, 1], 'bus_allocation': [1, 2, 1], 'pe_to_bus_connection': [0, 1, 1], 'bus_to_bus_connection': [1, 0, 0], 'bus_to_mem_connection': [-1, -1, 1], 'task_to_pe_mapping': [1, 1, 0, 1, 1, 1, 0, 1], 'task_to_mem_mapping': [0, 1, 0, 1, 0, 0, 0, 0]}",-10000.0,"[1000.0, 1000.0, 1000.0]"
"{'pe_allocation': [0, 0, 0], 'mem_allocation': [1, 0, 1], 'bus_allocation': [1, 0, 2], 'pe_to_bus_connection': [1, 1, 0], 'bus_to_bus_connection': [-1, 0, 0], 'bus_to_mem_connection': [1, -1, -1], 'task_to_pe_mapping': [0, 0, 0, 0, 0, 0, 1, 1], 'task_to_mem_mapping': [0, 1, 1, 0, 1, 0, 0, 0]}",-10000.0,"[1000.0, 1000.0, 1000.0]"
"{'pe_allocation': [0, 0, 0], 'mem_allocation': [2, 0, 0], 'bus_allocation': [2, 1, 1], 'pe_to_bus_connection': [1, 1, 1], 'bus_to_bus_connection': [1, 0, 1], 'bus_to_mem_connection': [-1, 1, -1], 'task_to_pe_mapping': [0, 0, 1, 0, 0, 1, 1, 1], 'task_to_mem_mapping': [0, 0, 1, 0, 1, 1, 1, 1]}",99.88005065917969,"[3.2964608669281006, 0.043032512068748474, 2.730722371779848e-06]"
"{'pe_allocation': [0, 0, 0], 'mem_allocation': [0, 1, 0], 'bus_allocation': [0, 1, 0], 'pe_to_bus_connection': [1, 1, 0], 'bus_to_bus_connection': [1, -1, 0], 'bus_to_mem_connection': [-1, 1, -1], 'task_to_pe_mapping': [1, 0, 1, 0, 1, 0, 0, 1], 'task_to_mem_mapping': [1, 1, 1, 1, 0, 1, 0, 0]}",89.71772003173828,"[2.8672034740448, 0.06455069780349731, 2.4572539132350357e-06]"
"{'pe_allocation': [0, 0, 0], 'mem_allocation': [0, 0, 1], 'bus_allocation': [0, 2, 2], 'pe_to_bus_connection': [0, 0, 0], 'bus_to_bus_connection': [1, 0, 1], 'bus_to_mem_connection': [-1, 0, 1], 'task_to_pe_mapping': [1, 1, 0, 1, 1, 0, 0, 1], 'task_to_mem_mapping': [0, 0, 0, 1, 0, 1, 0, 0]}",88.49783325195312,"[2.875326156616211, 0.051805280148983, 2.736339183684322e-06]"
"{'pe_allocation': [0, 0, 0], 'mem_allocation': [2, 2, 2], 'bus_allocation': [1, 1, 2], 'pe_to_bus_connection': [1, 1, 1], 'bus_to_bus_connection': [-1, 0, 1], 'bus_to_mem_connection': [-1, 1, 0], 'task_to_pe_mapping': [0, 1, 1, 0, 1, 1, 1, 0], 'task_to_mem_mapping': [0, 1, 0, 1, 0, 0, 0, 1]}",92.04277801513672,"[2.8668344020843506, 0.08495962619781494, 2.6931168122246163e-06]"
"{'pe_allocation': [0, 0, 0], 'mem_allocation': [2, 1, 2], 'bus_allocation': [1, 2, 1], 'pe_to_bus_connection': [0, 1, 0], 'bus_to_bus_connection': [-1, -1, -1], 'bus_to_mem_connection': [0, -1, -1], 'task_to_pe_mapping': [0, 1, 0, 0, 0, 0, 1, 0], 'task_to_mem_mapping': [1, 0, 1, 0, 0, 1, 1, 1]}",-10000.0,"[1000.0, 1000.0, 1000.0]"
"{'pe_allocation': [0, 0, 0], 'mem_allocation': [1, 2, 1], 'bus_allocation': [0, 2, 1], 'pe_to_bus_connection': [0, 1, 0], 'bus_to_bus_connection': [1, -1, 1], 'bus_to_mem_connection': [1, -1, 0], 'task_to_pe_mapping': [0, 0, 0, 1, 1, 1, 1, 0], 'task_to_mem_mapping': [1, 1, 0, 0, 1, 0, 0, 1]}",88.49787139892578,"[2.875391960144043, 0.05178873613476753, 2.730722371779848e-06]"
"{'pe_allocation': [0, 0, 0], 'mem_allocation': [2, 2, 0], 'bus_allocation': [0, 0, 0], 'pe_to_bus_connection': [0, 1, 1], 'bus_to_bus_connection': [-1, -1, -1], 'bus_to_mem_connection': [-1, 1, -1], 'task_to_pe_mapping': [0, 0, 0, 0, 0, 1, 0, 0], 'task_to_mem_mapping': [0, 1, 0, 0, 0, 0, 1, 0]}",-10000.0,"[1000.0, 1000.0, 1000.0]"
"{'pe_allocation': [0, 0, 0], 'mem_allocation': [0, 0, 1], 'bus_allocation': [1, 2, 1], 'pe_to_bus_connection': [0, 1, 0], 'bus_to_bus_connection': [-1, 0, 0], 'bus_to_mem_connection': [-1, -1, 1], 'task_to_pe_mapping': [0, 0, 1, 0, 1, 0, 1, 1], 'task_to_mem_mapping': [1, 1, 1, 0, 0, 1, 0, 0]}",89.68120574951172,"[2.8672034740448, 0.06423167139291763, 2.375410076638218e-06]"
"{'pe_allocation': [0, 0, 0], 'mem_allocation': [0, 0, 1], 'bus_allocation': [2, 1, 0], 'pe_to_bus_connection': [0, 0, 1], 'bus_to_bus_connection': [1, -1, 1], 'bus_to_mem_connection': [-1, 0, -1], 'task_to_pe_mapping': [1, 1, 1, 0, 0, 0, 0, 0], 'task_to_mem_mapping': [0, 1, 0, 1, 0, 0, 0, 1]}",89.68120574951172,"[2.8672034740448, 0.06423167139291763, 2.375410076638218e-06]"
"{'pe_allocation': [0, 0, 0], 'mem_allocation': [2, 1, 1], 'bus_allocation': [2, 0, 0], 'pe_to_bus_connection': [0, 1, 0], 'bus_to_bus_connection': [1, 0, 1], 'bus_to_mem_connection': [0, -1, -1], 'task_to_pe_mapping': [0, 1, 0, 0, 0, 1, 0, 0], 'task_to_mem_mapping': [1, 0, 0, 0, 1, 0, 1, 1]}",-10000.0,"[1000.0, 1000.0, 1000.0]"
"{'pe_allocation': [0, 0, 0], 'mem_allocation': [1, 1, 2], 'bus_allocation': [2, 2, 1], 'pe_to_bus_connection': [0, 0, 0], 'bus_to_bus_connection': [1, -1, 0], 'bus_to_mem_connection': [1, 0, -1], 'task_to_pe_mapping': [1, 1, 0, 1, 1, 1, 0, 1], 'task_to_mem_mapping': [0, 0, 0, 1, 0, 1, 1, 0]}",88.4516830444336,"[2.8737571239471436, 0.051805280148983, 2.8125662083766656e-06]"
"{'pe_allocation': [0, 0, 0], 'mem_allocation': [0, 0, 0], 'bus_allocation': [2, 2, 1], 'pe_to_bus_connection': [1, 0, 1], 'bus_to_bus_connection': [-1, -1, -1], 'bus_to_mem_connection': [-1, 1, 0], 'task_to_pe_mapping': [0, 0, 1, 0, 1, 1, 0, 0], 'task_to_mem_mapping': [1, 0, 1, 1, 0, 0, 1, 0]}",-10000.0,"[1000.0, 1000.0, 1000.0]"
"{'pe_allocation': [0, 0, 0], 'mem_allocation': [2, 1, 2], 'bus_allocation': [1, 0, 0], 'pe_to_bus_connection': [1, 1, 1], 'bus_to_bus_connection': [1, 0, -1], 'bus_to_mem_connection': [-1, 1, 0], 'task_to_pe_mapping': [0, 0, 0, 1, 0, 1, 1, 1], 'task_to_mem_mapping': [1, 0, 0, 0, 0, 0, 0, 1]}",88.4516830444336,"[2.8737571239471436, 0.051805280148983, 2.8125662083766656e-06]"
"{'pe_allocation': [0, 0, 0], 'mem_allocation': [2, 0, 0], 'bus_allocation': [0, 1, 0], 'pe_to_bus_connection': [0, 1, 1], 'bus_to_bus_connection': [-1, -1, 1], 'bus_to_mem_connection': [0, 1, -1], 'task_to_pe_mapping': [1, 1, 1, 0, 0, 1, 0, 0], 'task_to_mem_mapping': [0, 0, 1, 1, 0, 0, 0, 0]}",-10000.0,"[1000.0, 1000.0, 1000.0]"
"{'pe_allocation': [0, 0, 0], 'mem_allocation': [1, 0, 2], 'bus_allocation': [0, 1, 1], 'pe_to_bus_connection': [1, 1, 1], 'bus_to_bus_connection': [1, -1, -1], 'bus_to_mem_connection': [1, 0, -1], 'task_to_pe_mapping': [1, 1, 0, 0, 1, 0, 1, 0], 'task_to_mem_mapping': [0, 1, 1, 0, 0, 1, 0, 0]}",92.23416900634766,"[2.8672034740448, 0.08653692156076431, 2.6931168122246163e-06]"
"{'pe_allocation': [0, 0, 0], 'mem_allocation': [1, 2, 0], 'bus_allocation': [2, 1, 0], 'pe_to_bus_connection': [1, 0, 1], 'bus_to_bus_connection': [-1, -1, 0], 'bus_to_mem_connection': [-1, 1, -1], 'task_to_pe_mapping': [1, 0, 1, 0, 0, 1, 0, 0], 'task_to_mem_mapping': [0, 0, 0, 1, 0, 0, 0, 1]}",-10000.0,"[1000.0, 1000.0, 1000.0]"
"{'pe_allocation': [0, 0, 0], 'mem_allocation': [2, 0, 2], 'bus_allocation': [1, 2, 1], 'pe_to_bus_connection': [0, 0, 0], 'bus_to_bus_connection': [-1, 0, 1], 'bus_to_mem_connection': [-1, 1, 0], 'task_to_pe_mapping': [1, 1, 0, 0, 0, 1, 1, 0], 'task_to_mem_mapping': [1, 0, 0, 1, 1, 0, 1, 1]}",99.90800476074219,"[3.2964608669281006, 0.04327679052948952, 2.6931168122246163e-06]"
"{'pe_allocation': [0, 0, 0], 'mem_allocation': [2, 0, 2], 'bus_allocation': [0, 1, 2], 'pe_to_bus_connection': [0, 1, 1], 'bus_to_bus_connection': [1, 0, -1], 'bus_to_mem_connection': [1, -1, 0], 'task_to_pe_mapping': [1, 1, 1, 0, 0, 0, 1, 1], 'task_to_mem_mapping': [1, 0, 1, 0, 0, 0, 0, 0]}",99.90800476074219,"[3.2964608669281006, 0.04327679052948952, 2.6931168122246163e-06]"
"{'pe_allocation': [0, 0, 0], 'mem_allocation': [0, 0, 2], 'bus_allocation': [2, 1, 1], 'pe_to_bus_connection': [0, 1, 1], 'bus_to_bus_connection': [-1, -1, 0], 'bus_to_mem_connection': [0, 1, -1], 'task_to_pe_mapping': [0, 1, 1, 0, 0, 0, 1, 1], 'task_to_mem_mapping': [1, 1, 1, 1, 0, 1, 0, 1]}",-10000.0,"[1000.0, 1000.0, 1000.0]"
"{'pe_allocation': [0, 0, 0], 'mem_allocation': [0, 2, 1], 'bus_allocation': [2, 0, 0], 'pe_to_bus_connection': [0, 0, 0], 'bus_to_bus_connection': [1, 0, 1], 'bus_to_mem_connection': [-1, 0, -1], 'task_to_pe_mapping': [0, 0, 0, 0, 1, 1, 0, 0], 'task_to_mem_mapping': [0, 0, 0, 0, 1, 1, 1, 1]}",91.69903564453125,"[2.852454423904419, 0.08565156906843185, 2.4572539132350357e-06]"
"{'pe_allocation': [0, 0, 0], 'mem_allocation': [0, 2, 2], 'bus_allocation': [2, 0, 1], 'pe_to_bus_connection': [1, 1, 0], 'bus_to_bus_connection': [-1, 0, 1], 'bus_to_mem_connection': [1, -1, 0], 'task_to_pe_mapping': [1, 1, 1, 1, 0, 1, 1, 1], 'task_to_mem_mapping': [1, 1, 0, 0, 1, 1, 1, 1]}",92.25409698486328,"[2.868838310241699, 0.08629094064235687, 2.730722371779848e-06]"
"{'pe_allocation': [0, 0, 0], 'mem_allocation': [1, 1, 0], 'bus_allocation': [2, 2, 1], 'pe_to_bus_connection': [1, 0, 0], 'bus_to_bus_connection': [-1, -1, 1], 'bus_to_mem_connection': [1, 0, -1], 'task_to_pe_mapping': [1, 1, 0, 0, 0, 1, 1, 0], 'task_to_mem_mapping': [1, 1, 0, 0, 1, 0, 0, 1]}",-10000.0,"[1000.0, 1000.0, 1000.0]"
"{'pe_allocation': [0, 0, 0], 'mem_allocation': [1, 1, 1], 'bus_allocation': [0, 2, 1], 'pe_to_bus_connection': [0, 0, 0], 'bus_to_bus_connection': [-1, -1, 1], 'bus_to_mem_connection': [-1, 0, 1], 'task_to_pe_mapping': [1, 0, 0, 1, 1, 0, 1, 1], 'task_to_mem_mapping': [0, 0, 1, 1, 0, 0, 0, 1]}",-10000.0,"[1000.0, 1000.0, 1000.0]"
"{'pe_allocation': [0, 0, 0], 'mem_allocation': [2, 2, 1], 'bus_allocation': [2, 1, 1], 'pe_to_bus_connection': [0, 1, 1], 'bus_to_bus_connection': [-1, 0, -1], 'bus_to_mem_connection': [0, 1, -1], 'task_to_pe_mapping': [1, 1, 1, 1, 1, 1, 0, 1], 'task_to_mem_mapping': [0, 0, 0, 0, 1, 0, 1, 1]}",99.8421401977539,"[3.294826030731201, 0.04312141239643097, 2.736339183684322e-06]"
"{'pe_allocation': [0, 0, 0], 'mem_allocation': [2, 2, 2], 'bus_allocation': [2, 2, 1], 'pe_to_bus_connection': [1, 1, 1], 'bus_to_bus_connection': [1, 0, 0], 'bus_to_mem_connection': [1, -1, 0], 'task_to_pe_mapping': [1, 1, 0, 0, 0, 1, 1, 1], 'task_to_mem_mapping': [1, 1, 0, 1, 1, 0, 1, 1]}",99.84927368164062,"[3.294826030731201, 0.04318372905254364, 2.736339183684322e-06]"
"{'pe_allocation': [0, 0, 0], 'mem_allocation': [2, 0, 1], 'bus_allocation': [0, 1, 0], 'pe_to_bus_connection': [0, 1, 0], 'bus_to_bus_connection': [-1, 0, 1], 'bus_to_mem_connection': [-1, -1, 1], 'task_to_pe_mapping': [1, 0, 0, 1, 0, 1, 0, 0], 'task_to_mem_mapping': [0, 0, 0, 0, 1, 1, 0, 0]}",-10000.0,"[1000.0, 1000.0, 1000.0]"
"{'pe_allocation': [0, 0, 0], 'mem_allocation': [2, 2, 1], 'bus_allocation': [0, 2, 1], 'pe_to_bus_connection': [1, 0, 1], 'bus_to_bus_connection': [1, -1, 1], 'bus_to_mem_connection': [-1, -1, 1], 'task_to_pe_mapping': [0, 0, 0, 0, 0, 1, 1, 0], 'task_to_mem_mapping': [1, 1, 0, 1, 0, 1, 1, 0]}",-10000.0,"[1000.0, 1000.0, 1000.0]"
"{'pe_allocation': [0, 0, 0], 'mem_allocation': [2, 2, 2], 'bus_allocation': [2, 0, 0], 'pe_to_bus_connection': [1, 1, 1], 'bus_to_bus_connection': [1, 0, 1], 'bus_to_mem_connection': [0, 1, -1], 'task_to_pe_mapping': [1, 0, 0, 0, 1, 0, 1, 1], 'task_to_mem_mapping': [0, 0, 0, 1, 0, 1, 1, 0]}",92.26421356201172,"[2.868838310241699, 0.08637934923171997, 2.8125662083766656e-06]"
"{'pe_allocation': [0, 0, 0], 'mem_allocation': [1, 1, 2], 'bus_allocation': [0, 0, 0], 'pe_to_bus_connection': [0, 1, 0], 'bus_to_bus_connection': [-1, 0, 0], 'bus_to_mem_connection': [-1, 1, -1], 'task_to_pe_mapping': [1, 0, 0, 1, 1, 0, 0, 0], 'task_to_mem_mapping': [1, 0, 1, 0, 1, 0, 1, 1]}",91.82532501220703,"[2.8590080738067627, 0.0850708931684494, 2.030730001933989e-06]"
"{'pe_allocation': [0, 0, 0], 'mem_allocation': [1, 1, 0], 'bus_allocation': [1, 1, 0], 'pe_to_bus_connection': [1, 0, 0], 'bus_to_bus_connection': [1, -1, -1], 'bus_to_mem_connection': [1, -1, 0], 'task_to_pe_mapping': [1, 1, 0, 0, 1, 0, 0, 0], 'task_to_mem_mapping': [0, 1, 1, 0, 0, 1, 0, 1]}",-10000.0,"[1000.0, 1000.0, 1000.0]"
"{'pe_allocation': [0, 0, 0], 'mem_allocation': [0, 2, 2], 'bus_allocation': [1, 2, 0], 'pe_to_bus_connection': [0, 1, 1], 'bus_to_bus_connection': [-1, 0, -1], 'bus_to_mem_connection': [1, -1, -1], 'task_to_pe_mapping': [1, 0, 0, 0, 1, 0, 1, 0], 'task_to_mem_mapping': [1, 0, 1, 0, 1, 1, 0, 1]}",92.14969635009766,"[2.8672034740448, 0.08579887449741364, 2.030730001933989e-06]"
"{'pe_allocation': [0, 0, 0], 'mem_allocation': [2, 2, 1], 'bus_allocation': [1, 2, 1], 'pe_to_bus_connection': [0, 0, 0], 'bus_to_bus_connection': [1, -1, -1], 'bus_to_mem_connection': [-1, -1, 0], 'task_to_pe_mapping': [0, 1, 0, 1, 1, 0, 1, 0], 'task_to_mem_mapping': [0, 1, 1, 0, 0, 0, 0, 0]}",-10000.0,"[1000.0, 1000.0, 1000.0]"
"{'pe_allocation': [0, 0, 0], 'mem_allocation': [1, 1, 1], 'bus_allocation': [1, 2, 0], 'pe_to_bus_connection': [1, 1, 0], 'bus_to_bus_connection': [-1, -1, -1], 'bus_to_mem_connection': [-1, -1, 0], 'task_to_pe_mapping': [1, 0, 1, 1, 0, 0, 1, 1], 'task_to_mem_mapping': [1, 1, 0, 0, 0, 1, 1, 1]}",-10000.0,"[1000.0, 1000.0, 1000.0]"
"{'pe_allocation': [0, 0, 0], 'mem_allocation': [2, 1, 2], 'bus_allocation': [1, 0, 0], 'pe_to_bus_connection': [0, 0, 1], 'bus_to_bus_connection': [-1, 0, 1], 'bus_to_mem_connection': [1, -1, 0], 'task_to_pe_mapping': [0, 1, 0, 0, 1, 0, 1, 0], 'task_to_mem_mapping': [1, 1, 1, 1, 0, 1, 0, 0]}",92.2257080078125,"[2.868838310241699, 0.08604289591312408, 2.736339183684322e-06]"
"{'pe_allocation': [0, 0, 0], 'mem_allocation': [2, 1, 1], 'bus_allocation': [2, 0, 2], 'pe_to_bus_connection': [1, 0, 1], 'bus_to_bus_connection': [1, 0, 0], 'bus_to_mem_connection': [1, -1, 0], 'task_to_pe_mapping': [0, 1, 1, 0, 1, 1, 0, 0], 'task_to_mem_mapping': [1, 1, 0, 1, 0, 0, 0, 0]}",92.0342025756836,"[2.8668344020843506, 0.08488471806049347, 2.730722371779848e-06]"
"{'pe_allocation': [0, 0, 0], 'mem_allocation': [1, 2, 1], 'bus_allocation': [2, 1, 1], 'pe_to_bus_connection': [1, 0, 1], 'bus_to_bus_connection': [1, -1, 0], 'bus_to_mem_connection': [-1, 0, 1], 'task_to_pe_mapping': [0, 0, 1, 0, 1, 1, 0, 0], 'task_to_mem_mapping': [1, 0, 0, 1, 1, 1, 1, 1]}",91.90872955322266,"[2.8573732376098633, 0.08621972799301147, 2.6931168122246163e-06]"
"{'pe_allocation': [0, 0, 0], 'mem_allocation': [0, 0, 2], 'bus_allocation': [1, 1, 0], 'pe_to_bus_connection': [0, 1, 0], 'bus_to_bus_connection': [-1, -1, 1], 'bus_to_mem_connection': [-1, 0, 1], 'task_to_pe_mapping': [1, 0, 1, 1, 1, 1, 0, 0], 'task_to_mem_mapping': [1, 0, 1, 0, 0, 1, 0, 0]}",-10000.0,"[1000.0, 1000.0, 1000.0]"
"{'pe_allocation': [0, 0, 0], 'mem_allocation': [0, 1, 0], 'bus_allocation': [2, 1, 1], 'pe_to_bus_connection': [1, 1, 1], 'bus_to_bus_connection': [-1, 0, 1], 'bus_to_mem_connection': [0, -1, 1], 'task_to_pe_mapping': [0, 1, 0, 1, 1, 1, 0, 1], 'task_to_mem_mapping': [0, 1, 0, 1, 1, 0, 1, 0]}",88.46336364746094,"[2.8737571239471436, 0.05190734937787056, 2.6931168122246163e-06]"
"{'pe_allocation': [0, 0, 0], 'mem_allocation': [0, 1, 1], 'bus_allocation': [0, 0, 0], 'pe_to_bus_connection': [0, 1, 0], 'bus_to_bus_connection': [-1, 0, 0], 'bus_to_mem_connection': [0, -1, 1], 'task_to_pe_mapping': [0, 1, 0, 1, 0, 1, 1, 1], 'task_to_mem_mapping': [1, 0, 1, 1, 1, 0, 0, 1]}",89.78330993652344,"[2.868838310241699, 0.06470369547605515, 2.730722371779848e-06]"
"{'pe_allocation': [0, 0, 0], 'mem_allocation': [0, 0, 1], 'bus_allocation': [2, 1, 0], 'pe_to_bus_connection': [0, 0, 1], 'bus_to_bus_connection': [1, 0, 1], 'bus_to_mem_connection': [-1, 0, 1], 'task_to_pe_mapping': [1, 0, 1, 1, 1, 1, 1, 1], 'task_to_mem_mapping': [1, 0, 0, 1, 0, 0, 1, 1]}",99.90947723388672,"[3.2964608669281006, 0.04328961670398712, 2.7614601094683167e-06]"
"{'pe_allocation': [0, 0, 0], 'mem_allocation': [0, 1, 0], 'bus_allocation': [0, 2, 1], 'pe_to_bus_connection': [1, 1, 0], 'bus_to_bus_connection': [1, -1, -1], 'bus_to_mem_connection': [-1, -1, 0], 'task_to_pe_mapping': [0, 1, 0, 1, 0, 1, 1, 0], 'task_to_mem_mapping': [1, 1, 1, 0, 0, 0, 1, 0]}",-10000.0,"[1000.0, 1000.0, 1000.0]"
"{'pe_allocation': [0, 0, 0], 'mem_allocation': [0, 2, 1], 'bus_allocation': [0, 0, 1], 'pe_to_bus_connection': [0, 1, 1], 'bus_to_bus_connection': [-1, 0, 1], 'bus_to_mem_connection': [0, -1, 1], 'task_to_pe_mapping': [1, 0, 0, 1, 1, 1, 1, 1], 'task_to_mem_mapping': [0, 0, 1, 0, 0, 0, 1, 1]}",88.4957046508789,"[2.875391960144043, 0.05176982283592224, 2.736339183684322e-06]"
"{'pe_allocation': [0, 0, 0], 'mem_allocation': [0, 0, 2], 'bus_allocation': [2, 2, 1], 'pe_to_bus_connection': [0, 0, 0], 'bus_to_bus_connection': [-1, 0, 1], 'bus_to_mem_connection': [0, -1, -1], 'task_to_pe_mapping': [1, 0, 1, 0, 1, 0, 0, 1], 'task_to_mem_mapping': [1, 1, 0, 1, 1, 1, 0, 0]}",88.4957046508789,"[2.875391960144043, 0.05176982283592224, 2.736339183684322e-06]"
"{'pe_allocation': [0, 0, 0], 'mem_allocation': [2, 0, 0], 'bus_allocation': [0, 1, 0], 'pe_to_bus_connection': [1, 1, 0], 'bus_to_bus_connection': [1, -1, -1], 'bus_to_mem_connection': [0, -1, 1], 'task_to_pe_mapping': [1, 0, 0, 0, 1, 0, 1, 0], 'task_to_mem_mapping': [1, 0, 1, 0, 1, 0, 0, 0]}",-10000.0,"[1000.0, 1000.0, 1000.0]"
"{'pe_allocation': [0, 0, 0], 'mem_allocation': [2, 1, 2], 'bus_allocation': [0, 1, 2], 'pe_to_bus_connection': [1, 1, 1], 'bus_to_bus_connection': [1, -1, 1], 'bus_to_mem_connection': [-1, 1, 0], 'task_to_pe_mapping': [1, 0, 1, 0, 0, 0, 0, 1], 'task_to_mem_mapping': [0, 1, 1, 1, 0, 1, 1, 0]}",88.46342468261719,"[2.8737571239471436, 0.051907896995544434, 2.6931168122246163e-06]"
"{'pe_allocation': [0, 0, 0], 'mem_allocation': [1, 0, 1], 'bus_allocation': [2, 2, 2], 'pe_to_bus_connection': [0, 1, 1], 'bus_to_bus_connection': [1, 0, -1], 'bus_to_mem_connection': [1, 0, -1], 'task_to_pe_mapping': [0, 0, 0, 1, 0, 0, 1, 0], 'task_to_mem_mapping': [0, 0, 0, 0, 1, 1, 1, 0]}",91.4310531616211,"[2.8590080738067627, 0.08162616938352585, 2.736339183684322e-06]"
"{'pe_allocation': [0, 0, 0], 'mem_allocation': [0, 1, 2], 'bus_allocation': [0, 0, 2], 'pe_to_bus_connection': [0, 0, 0], 'bus_to_bus_connection': [1, 0, 0], 'bus_to_mem_connection': [0, -1, 1], 'task_to_pe_mapping': [0, 0, 0, 1, 0, 1, 1, 1], 'task_to_mem_mapping': [0, 0, 1, 0, 0, 1, 0, 1]}",89.78793334960938,"[2.868838310241699, 0.06474411487579346, 2.736339183684322e-06]"
"{'pe_allocation': [0, 0, 0], 'mem_allocation': [0, 0, 2], 'bus_allocation': [0, 2, 1], 'pe_to_bus_connection': [0, 0, 1], 'bus_to_bus_connection': [-1, -1, -1], 'bus_to_mem_connection': [-1, 1, 0], 'task_to_pe_mapping': [1, 1, 0, 0, 1, 1, 1, 0], 'task_to_mem_mapping': [0, 0, 1, 0, 0, 1, 0, 1]}",-10000.0,"[1000.0, 1000.0, 1000.0]"
"{'pe_allocation': [0, 0, 0], 'mem_allocation': [1, 2, 2], 'bus_allocation': [0, 1, 0], 'pe_to_bus_connection': [1, 1, 0], 'bus_to_bus_connection': [-1, 0, -1], 'bus_to_mem_connection': [1, -1, -1], 'task_to_pe_mapping': [0, 1, 0, 1, 1, 1, 1, 0], 'task_to_mem_mapping': [1, 1, 1, 0, 0, 1, 1, 1]}",88.4323959350586,"[2.8737571239471436, 0.051636770367622375, 2.375410076638218e-06]"
"{'pe_allocation': [0, 0, 0], 'mem_allocation': [2, 0, 2], 'bus_allocation': [0, 2, 0], 'pe_to_bus_connection': [1, 1, 0], 'bus_to_bus_connection': [-1, 0, 1], 'bus_to_mem_connection': [0, -1, -1], 'task_to_pe_mapping': [0, 0, 1, 0, 1, 1, 0, 1], 'task_to_mem_mapping': [1, 1, 1, 1, 1, 1, 0, 0]}",-10000.0,"[1000.0, 1000.0, 1000.0]"
"{'pe_allocation': [0, 0, 0], 'mem_allocation': [0, 2, 1], 'bus_allocation': [1, 2, 0], 'pe_to_bus_connection': [1, 0, 1], 'bus_to_bus_connection': [-1, -1, 0], 'bus_to_mem_connection': [-1, 1, -1], 'task_to_pe_mapping': [1, 1, 0, 0, 1, 1, 0, 0], 'task_to_mem_mapping': [1, 0, 1, 0, 0, 0, 1, 0]}",-10000.0,"[1000.0, 1000.0, 1000.0]"
"{'pe_allocation': [0, 0, 0], 'mem_allocation': [1, 1, 1], 'bus_allocation': [1, 1, 1], 'pe_to_bus_connection': [0, 1, 1], 'bus_to_bus_connection': [1, 0, 1], 'bus_to_mem_connection': [0, -1, 1], 'task_to_pe_mapping': [0, 0, 1, 0, 0, 0, 1, 1], 'task_to_mem_mapping': [0, 0, 1, 1, 1, 0, 1, 1]}",88.45938110351562,"[2.8737571239471436, 0.05187256261706352, 2.6931168122246163e-06]"
"{'pe_allocation': [0, 0, 0], 'mem_allocation': [0, 0, 2], 'bus_allocation': [2, 2, 1], 'pe_to_bus_connection': [1, 0, 1], 'bus_to_bus_connection': [1, 0, -1], 'bus_to_mem_connection': [1, -1, -1], 'task_to_pe_mapping': [0, 0, 0, 0, 1, 0, 1, 1], 'task_to_mem_mapping': [1, 0, 1, 0, 1, 0, 0, 0]}",88.45938110351562,"[2.8737571239471436, 0.05187256261706352, 2.6931168122246163e-06]"
"{'pe_allocation': [0, 0, 0], 'mem_allocation': [0, 0, 0], 'bus_allocation': [0, 2, 2], 'pe_to_bus_connection': [1, 1, 1], 'bus_to_bus_connection': [-1, -1, 0], 'bus_to_mem_connection': [-1, 0, 1], 'task_to_pe_mapping': [1, 0, 0, 0, 0, 0, 0, 0], 'task_to_mem_mapping': [0, 0, 0, 0, 1, 1, 0, 0]}",99.8471908569336,"[3.294826030731201, 0.04316553846001625, 1.807253966035205e-06]"
"{'pe_allocation': [0, 0, 0], 'mem_allocation': [0, 2, 2], 'bus_allocation': [2, 0, 2], 'pe_to_bus_connection': [1, 0, 1], 'bus_to_bus_connection': [-1, -1, 1], 'bus_to_mem_connection': [1, 0, -1], 'task_to_pe_mapping': [1, 1, 0, 0, 0, 0, 0, 1], 'task_to_mem_mapping': [0, 1, 0, 1, 0, 0, 1, 1]}",-10000.0,"[1000.0, 1000.0, 1000.0]"
"{'pe_allocation': [0, 0, 0], 'mem_allocation': [2, 2, 1], 'bus_allocation': [0, 2, 1], 'pe_to_bus_connection': [0, 1, 1], 'bus_to_bus_connection': [-1, 0, 0], 'bus_to_mem_connection': [0, 1, -1], 'task_to_pe_mapping': [0, 0, 1, 1, 0, 0, 1, 1], 'task_to_mem_mapping': [1, 1, 1, 1, 0, 1, 0, 0]}",91.74382019042969,"[2.852454423904419, 0.08604289591312408, 2.736339183684322e-06]"
"{'pe_allocation': [0, 0, 0], 'mem_allocation': [2, 0, 1], 'bus_allocation': [2, 2, 1], 'pe_to_bus_connection': [0, 1, 0], 'bus_to_bus_connection': [1, -1, 0], 'bus_to_mem_connection': [-1, -1, 0], 'task_to_pe_mapping': [1, 1, 0, 0, 1, 0, 1, 1], 'task_to_mem_mapping': [0, 0, 0, 1, 0, 0, 0, 0]}",92.13427734375,"[2.8672034740448, 0.08566416054964066, 2.4572539132350357e-06]"
"{'pe_allocation': [0, 0, 0], 'mem_allocation': [1, 0, 0], 'bus_allocation': [1, 1, 1], 'pe_to_bus_connection': [0, 1, 0], 'bus_to_bus_connection': [-1, 0, 1], 'bus_to_mem_connection': [0, -1, -1], 'task_to_pe_mapping': [1, 0, 1, 0, 1, 1, 0, 1], 'task_to_mem_mapping': [1, 1, 0, 1, 0, 0, 0, 0]}",-10000.0,"[1000.0, 1000.0, 1000.0]"
"{'pe_allocation': [0, 0, 0], 'mem_allocation': [0, 1, 2], 'bus_allocation': [2, 1, 1], 'pe_to_bus_connection': [1, 1, 0], 'bus_to_bus_connection': [1, 0, -1], 'bus_to_mem_connection': [0, -1, -1], 'task_to_pe_mapping': [1, 1, 0, 1, 0, 1, 1, 0], 'task_to_mem_mapping': [0, 0, 1, 0, 1, 0, 0, 1]}",89.67970275878906,"[2.8672034740448, 0.06421854346990585, 2.375410076638218e-06]"
"{'pe_allocation': [0, 0, 0], 'mem_allocation': [2, 1, 0], 'bus_allocation': [0, 1, 2], 'pe_to_bus_connection': [0, 0, 1], 'bus_to_bus_connection': [1, 0, 1], 'bus_to_mem_connection': [0, -1, 1], 'task_to_pe_mapping': [1, 1, 1, 0, 1, 0, 0, 1], 'task_to_mem_mapping': [1, 1, 0, 1, 0, 1, 1, 0]}",89.81282043457031,"[2.868838310241699, 0.06496154516935349, 2.730722371779848e-06]"
"{'pe_allocation': [0, 0, 0], 'mem_allocation': [2, 2, 0], 'bus_allocation': [1, 0, 0], 'pe_to_bus_connection': [0, 0, 1], 'bus_to_bus_connection': [-1, -1, 1], 'bus_to_mem_connection': [-1, 0, 1], 'task_to_pe_mapping': [0, 1, 0, 0, 0, 0, 0, 1], 'task_to_mem_mapping': [1, 0, 1, 1, 0, 0, 0, 0]}",-10000.0,"[1000.0, 1000.0, 1000.0]"
"{'pe_allocation': [0, 0, 0], 'mem_allocation': [0, 2, 0], 'bus_allocation': [2, 2, 0], 'pe_to_bus_connection': [0, 0, 1], 'bus_to_bus_connection': [-1, -1, 0], 'bus_to_mem_connection': [-1, 0, 1], 'task_to_pe_mapping': [0, 0, 1, 0, 0, 0, 0, 0], 'task_to_mem_mapping': [0, 0, 0, 0, 1, 0, 1, 0]}",-10000.0,"[1000.0, 1000.0, 1000.0]"
"{'pe_allocation': [0, 0, 0], 'mem_allocation': [2, 0, 1], 'bus_allocation': [2, 0, 0], 'pe_to_bus_connection': [1, 1, 0], 'bus_to_bus_connection': [-1, -1, 0], 'bus_to_mem_connection': [0, -1, 1], 'task_to_pe_mapping': [1, 0, 0, 1, 0, 1, 0, 1], 'task_to_mem_mapping': [0, 1, 0, 1, 0, 0, 0, 1]}",-10000.0,"[1000.0, 1000.0, 1000.0]"
"{'pe_allocation': [0, 0, 0], 'mem_allocation': [0, 2, 0], 'bus_allocation': [2, 2, 0], 'pe_to_bus_connection': [0, 0, 1], 'bus_to_bus_connection': [1, -1, 1], 'bus_to_mem_connection': [-1, 0, -1], 'task_to_pe_mapping': [0, 1, 0, 1, 1, 1, 1, 0], 'task_to_mem_mapping': [1, 0, 0, 0, 0, 1, 1, 0]}",-10000.0,"[1000.0, 1000.0, 1000.0]"
"{'pe_allocation': [0, 0, 0], 'mem_allocation': [0, 0, 1], 'bus_allocation': [2, 1, 1], 'pe_to_bus_connection': [0, 0, 0], 'bus_to_bus_connection': [-1, 0, -1], 'bus_to_mem_connection': [-1, 1, -1], 'task_to_pe_mapping': [1, 1, 1, 0, 0, 0, 1, 1], 'task_to_mem_mapping': [1, 1, 1, 0, 1, 1, 1, 0]}",88.49976348876953,"[2.875391960144043, 0.051805280148983, 2.4572539132350357e-06]"
"{'pe_allocation': [0, 0, 0], 'mem_allocation': [2, 1, 1], 'bus_allocation': [2, 0, 2], 'pe_to_bus_connection': [0, 1, 1], 'bus_to_bus_connection': [1, 0, -1], 'bus_to_mem_connection': [1, 0, -1], 'task_to_pe_mapping': [0, 1, 0, 0, 0, 1, 1, 0], 'task_to_mem_mapping': [0, 0, 1, 0, 0, 0, 0, 1]}",99.88919830322266,"[3.2964608669281006, 0.04311243072152138, 2.736339183684322e-06]"
"{'pe_allocation': [0, 0, 0], 'mem_allocation': [2, 1, 1], 'bus_allocation': [1, 2, 0], 'pe_to_bus_connection': [1, 0, 0], 'bus_to_bus_connection': [-1, 0, -1], 'bus_to_mem_connection': [0, -1, 1], 'task_to_pe_mapping': [0, 0, 1, 1, 1, 0, 1, 0], 'task_to_mem_mapping': [1, 1, 0, 1, 1, 0, 0, 1]}",-10000.0,"[1000.0, 1000.0, 1000.0]"
"{'pe_allocation': [0, 0, 0], 'mem_allocation': [1, 1, 0], 'bus_allocation': [0, 1, 2], 'pe_to_bus_connection': [0, 0, 0], 'bus_to_bus_connection': [1, -1, 0], 'bus_to_mem_connection': [-1, 0, -1], 'task_to_pe_mapping': [0, 0, 1, 0, 1, 1, 0, 1], 'task_to_mem_mapping': [0, 0, 0, 1, 0, 1, 0, 0]}",91.96700286865234,"[2.866957426071167, 0.08426597714424133, 2.4572539132350357e-06]"
"{'pe_allocation': [0, 0, 0], 'mem_allocation': [0, 1, 0], 'bus_allocation': [1, 0, 1], 'pe_to_bus_connection': [0, 1, 1], 'bus_to_bus_connection': [-1, -1, -1], 'bus_to_mem_connection': [1, 0, -1], 'task_to_pe_mapping': [0, 1, 0, 0, 1, 0, 1, 0], 'task_to_mem_mapping': [1, 0, 1, 0, 1, 1, 1, 1]}",-10000.0,"[1000.0, 1000.0, 1000.0]"
"{'pe_allocation': [0, 0, 0], 'mem_allocation': [1, 1, 0], 'bus_allocation': [2, 1, 0], 'pe_to_bus_connection': [0, 0, 0], 'bus_to_bus_connection': [1, -1, 0], 'bus_to_mem_connection': [1, -1, -1], 'task_to_pe_mapping': [1, 0, 1, 0, 1, 0, 0, 0], 'task_to_mem_mapping': [1, 1, 0, 0, 1, 0, 0, 0]}",89.6803207397461,"[2.8672034740448, 0.06422395259141922, 2.375410076638218e-06]"
"{'pe_allocation': [0, 0, 0], 'mem_allocation': [0, 1, 2], 'bus_allocation': [0, 0, 1], 'pe_to_bus_connection': [0, 0, 1], 'bus_to_bus_connection': [1, -1, 1], 'bus_to_mem_connection': [0, 1, -1], 'task_to_pe_mapping': [1, 1, 0, 1, 0, 1, 1, 1], 'task_to_mem_mapping': [0, 1, 0, 1, 0, 1, 0, 1]}",89.8167724609375,"[2.868838310241699, 0.06499603390693665, 2.6931168122246163e-06]"
"{'pe_allocation': [0, 0, 0], 'mem_allocation': [0, 2, 0], 'bus_allocation': [0, 0, 1], 'pe_to_bus_connection': [0, 1, 0], 'bus_to_bus_connection': [-1, -1, -1], 'bus_to_mem_connection': [0, -1, -1], 'task_to_pe_mapping': [0, 1, 0, 1, 0, 1, 0, 1], 'task_to_mem_mapping': [1, 1, 1, 0, 1, 0, 0, 1]}",-10000.0,"[1000.0, 1000.0, 1000.0]"
"{'pe_allocation': [0, 0, 0], 'mem_allocation': [2, 0, 1], 'bus_allocation': [1, 2, 0], 'pe_to_bus_connection': [0, 1, 0], 'bus_to_bus_connection': [1, -1, 1], 'bus_to_mem_connection': [-1, -1, 0], 'task_to_pe_mapping': [1, 0, 0, 0, 1, 0, 1, 0], 'task_to_mem_mapping': [1, 1, 1, 1, 0, 1, 0, 1]}",-10000.0,"[1000.0, 1000.0, 1000.0]"
"{'pe_allocation': [0, 0, 0], 'mem_allocation': [1, 2, 2], 'bus_allocation': [0, 0, 2], 'pe_to_bus_connection': [0, 0, 0], 'bus_to_bus_connection': [1, -1, 0], 'bus_to_mem_connection': [1, 0, -1], 'task_to_pe_mapping': [1, 1, 0, 0, 1, 1, 0, 0], 'task_to_mem_mapping': [0, 0, 0, 1, 1, 0, 1, 1]}",91.80171203613281,"[2.852454423904419, 0.08654870092868805, 2.730722371779848e-06]"
"{'pe_allocation': [0, 0, 0], 'mem_allocation': [1, 0, 0], 'bus_allocation': [1, 0, 1], 'pe_to_bus_connection': [1, 1, 1], 'bus_to_bus_connection': [-1, -1, 1], 'bus_to_mem_connection': [0, -1, -1], 'task_to_pe_mapping': [0, 1, 1, 1, 1, 0, 0, 0], 'task_to_mem_mapping': [1, 1, 0, 0, 0, 0, 0, 0]}",-10000.0,"[1000.0, 1000.0, 1000.0]"
"{'pe_allocation': [0, 0, 0], 'mem_allocation': [1, 1, 1], 'bus_allocation': [1, 2, 0], 'pe_to_bus_connection': [1, 0, 0], 'bus_to_bus_connection': [-1, 0, 1], 'bus_to_mem_connection': [-1, 1, 0], 'task_to_pe_mapping': [1, 0, 1, 0, 1, 0, 1, 0], 'task_to_mem_mapping': [0, 0, 1, 1, 0, 0, 1, 1]}",89.76441192626953,"[2.8672034740448, 0.06495866924524307, 2.730722371779848e-06]"
"{'pe_allocation': [0, 0, 0], 'mem_allocation': [0, 2, 1], 'bus_allocation': [1, 1, 1], 'pe_to_bus_connection': [1, 1, 1], 'bus_to_bus_connection': [-1, -1, 0], 'bus_to_mem_connection': [1, -1, 0], 'task_to_pe_mapping': [1, 1, 0, 1, 1, 1, 1, 1], 'task_to_mem_mapping': [1, 0, 1, 0, 1, 0, 0, 1]}",-10000.0,"[1000.0, 1000.0, 1000.0]"
"{'pe_allocation': [0, 0, 0], 'mem_allocation': [0, 1, 0], 'bus_allocation': [2, 1, 2], 'pe_to_bus_connection': [0, 1, 0], 'bus_to_bus_connection': [-1, 0, 0], 'bus_to_mem_connection': [-1, -1, 1], 'task_to_pe_mapping': [0, 1, 0, 1, 0, 1, 1, 1], 'task_to_mem_mapping': [0, 0, 0, 0, 0, 0, 0, 0]}",-10000.0,"[1000.0, 1000.0, 1000.0]"
"{'pe_allocation': [0, 0, 0], 'mem_allocation': [2, 0, 0], 'bus_allocation': [0, 1, 0], 'pe_to_bus_connection': [0, 0, 0], 'bus_to_bus_connection': [-1, 0, 1], 'bus_to_mem_connection': [1, 0, -1], 'task_to_pe_mapping': [1, 1, 1, 0, 1, 1, 1, 1], 'task_to_mem_mapping': [1, 0, 1, 1, 0, 0, 1, 1]}",91.46255493164062,"[2.8590080738067627, 0.08190135657787323, 2.6931168122246163e-06]"
"{'pe_allocation': [0, 0, 0], 'mem_allocation': [1, 2, 2], 'bus_allocation': [2, 2, 0], 'pe_to_bus_connection': [0, 1, 0], 'bus_to_bus_connection': [1, -1, 0], 'bus_to_mem_connection': [1, -1, -1], 'task_to_pe_mapping': [1, 0, 1, 0, 1, 0, 1, 0], 'task_to_mem_mapping': [1, 0, 0, 0, 1, 1, 0, 1]}",104.20970153808594,"[3.280076742172241, 0.08507090061903, 1.962386932063964e-06]"
"{'pe_allocation': [0, 0, 0], 'mem_allocation': [1, 2, 2], 'bus_allocation': [2, 0, 2], 'pe_to_bus_connection': [0, 0, 1], 'bus_to_bus_connection': [-1, 0, 0], 'bus_to_mem_connection': [0, 1, -1], 'task_to_pe_mapping': [1, 1, 0, 0, 1, 1, 1, 1], 'task_to_mem_mapping': [1, 1, 0, 1, 1, 0, 1, 0]}",91.76231384277344,"[2.852454423904419, 0.08620443195104599, 2.736339183684322e-06]"
"{'pe_allocation': [0, 0, 0], 'mem_allocation': [0, 0, 0], 'bus_allocation': [2, 1, 0], 'pe_to_bus_connection': [0, 0, 1], 'bus_to_bus_connection': [1, 0, 0], 'bus_to_mem_connection': [1, -1, 0], 'task_to_pe_mapping': [0, 0, 1, 0, 1, 1, 0, 1], 'task_to_mem_mapping': [1, 1, 1, 0, 1, 0, 1, 1]}",92.0250473022461,"[2.868772506713867, 0.08430666476488113, 2.736339183684322e-06]"
"{'pe_allocation': [0, 0, 0], 'mem_allocation': [2, 1, 0], 'bus_allocation': [1, 2, 2], 'pe_to_bus_connection': [1, 0, 0], 'bus_to_bus_connection': [-1, -1, 1], 'bus_to_mem_connection': [-1, 0, -1], 'task_to_pe_mapping': [0, 0, 0, 0, 1, 0, 1, 0], 'task_to_mem_mapping': [0, 0, 1, 1, 0, 1, 0, 0]}",-10000.0,"[1000.0, 1000.0, 1000.0]"
"{'pe_allocation': [0, 0, 0], 'mem_allocation': [2, 2, 2], 'bus_allocation': [1, 0, 0], 'pe_to_bus_connection': [1, 1, 1], 'bus_to_bus_connection': [1, -1, 0], 'bus_to_mem_connection': [0, 1, -1], 'task_to_pe_mapping': [1, 0, 1, 0, 0, 1, 1, 0], 'task_to_mem_mapping': [0, 1, 0, 1, 0, 1, 0, 1]}",88.96510314941406,"[2.890955924987793, 0.05187148600816727, 2.6931168122246163e-06]"
"{'pe_allocation': [0, 0, 0], 'mem_allocation': [2, 1, 2], 'bus_allocation': [0, 0, 1], 'pe_to_bus_connection': [1, 0, 0], 'bus_to_bus_connection': [1, 0, 1], 'bus_to_mem_connection': [1, -1, 0], 'task_to_pe_mapping': [0, 0, 1, 0, 0, 0, 0, 0], 'task_to_mem_mapping': [0, 0, 0, 1, 0, 0, 0, 1]}",88.49976348876953,"[2.875391960144043, 0.051805280148983, 2.736339183684322e-06]"
"{'pe_allocation': [0, 0, 0], 'mem_allocation': [2, 1, 0], 'bus_allocation': [2, 0, 2], 'pe_to_bus_connection': [0, 0, 1], 'bus_to_bus_connection': [1, -1, 0], 'bus_to_mem_connection': [-1, 1, -1], 'task_to_pe_mapping': [0, 0, 0, 1, 1, 0, 0, 1], 'task_to_mem_mapping': [1, 0, 1, 1, 0, 1, 1, 1]}",88.49976348876953,"[2.875391960144043, 0.051805280148983, 2.736339183684322e-06]"
"{'pe_allocation': [0, 0, 0], 'mem_allocation': [0, 2, 1], 'bus_allocation': [1, 0, 2], 'pe_to_bus_connection': [0, 1, 0], 'bus_to_bus_connection': [1, 0, -1], 'bus_to_mem_connection': [1, 0, -1], 'task_to_pe_mapping': [1, 0, 1, 0, 0, 1, 1, 1], 'task_to_mem_mapping': [1, 1, 0, 1, 1, 1, 1, 0]}",91.45301055908203,"[2.8590080738067627, 0.08181799948215485, 2.736339183684322e-06]"
"{'pe_allocation': [0, 0, 0], 'mem_allocation': [1, 1, 0], 'bus_allocation': [1, 1, 0], 'pe_to_bus_connection': [1, 1, 0], 'bus_to_bus_connection': [1, 0, 1], 'bus_to_mem_connection': [-1, 1, -1], 'task_to_pe_mapping': [1, 0, 0, 0, 0, 0, 0, 0], 'task_to_mem_mapping': [0, 0, 0, 1, 0, 0, 0, 0]}",91.45301055908203,"[2.8590080738067627, 0.08181799948215485, 2.736339183684322e-06]"
"{'pe_allocation': [0, 0, 0], 'mem_allocation': [2, 1, 0], 'bus_allocation': [0, 2, 2], 'pe_to_bus_connection': [0, 0, 1], 'bus_to_bus_connection': [-1, -1, 1], 'bus_to_mem_connection': [1, -1, -1], 'task_to_pe_mapping': [1, 0, 0, 1, 0, 1, 1, 0], 'task_to_mem_mapping': [1, 0, 1, 0, 1, 1, 1, 0]}",89.73491668701172,"[2.8672034740448, 0.06470099836587906, 2.030730001933989e-06]"
"{'pe_allocation': [0, 0, 0], 'mem_allocation': [0, 2, 0], 'bus_allocation': [2, 0, 0], 'pe_to_bus_connection': [0, 1, 0], 'bus_to_bus_connection': [-1, -1, 0], 'bus_to_mem_connection': [-1, 1, 0], 'task_to_pe_mapping': [0, 1, 0, 1, 1, 1, 0, 1], 'task_to_mem_mapping': [1, 1, 0, 0, 0, 1, 0, 1]}",-10000.0,"[1000.0, 1000.0, 1000.0]"
"{'pe_allocation': [0, 0, 0], 'mem_allocation': [2, 2, 1], 'bus_allocation': [2, 1, 0], 'pe_to_bus_connection': [0, 1, 1], 'bus_to_bus_connection': [-1, -1, 0], 'bus_to_mem_connection': [1, -1, 0], 'task_to_pe_mapping': [1, 0, 0, 0, 0, 1, 0, 0], 'task_to_mem_mapping': [1, 1, 1, 1, 0, 0, 1, 0]}",-10000.0,"[1000.0, 1000.0, 1000.0]"
"{'pe_allocation': [0, 0, 0], 'mem_allocation': [0, 2, 1], 'bus_allocation': [0, 2, 0], 'pe_to_bus_connection': [1, 1, 1], 'bus_to_bus_connection': [1, 0, 0], 'bus_to_mem_connection': [-1, 0, 1], 'task_to_pe_mapping': [1, 0, 0, 1, 0, 0, 0, 0], 'task_to_mem_mapping': [0, 0, 1, 0, 0, 1, 0, 1]}",91.45301055908203,"[2.8590080738067627, 0.08181799948215485, 2.736339183684322e-06]"
"{'pe_allocation': [0, 0, 0], 'mem_allocation': [1, 2, 0], 'bus_allocation': [2, 1, 0], 'pe_to_bus_connection': [1, 1, 1], 'bus_to_bus_connection': [1, -1, 0], 'bus_to_mem_connection': [-1, 0, 1], 'task_to_pe_mapping': [1, 1, 1, 1, 0, 0, 1, 0], 'task_to_mem_mapping': [0, 1, 0, 1, 1, 1, 0, 0]}",91.8005142211914,"[2.852454423904419, 0.08653818815946579, 2.6931168122246163e-06]"
"{'pe_allocation': [0, 0, 0], 'mem_allocation': [1, 2, 0], 'bus_allocation': [1, 0, 2], 'pe_to_bus_connection': [0, 1, 0], 'bus_to_bus_connection': [-1, 0, -1], 'bus_to_mem_connection': [1, -1, 0], 'task_to_pe_mapping': [0, 1, 0, 0, 0, 1, 0, 0], 'task_to_mem_mapping': [0, 1, 0, 0, 0, 0, 0, 1]}",-10000.0,"[1000.0, 1000.0, 1000.0]"
"{'pe_allocation': [0, 0, 0], 'mem_allocation': [0, 2, 2], 'bus_allocation': [0, 0, 1], 'pe_to_bus_connection': [0, 1, 0], 'bus_to_bus_connection': [-1, 0, 0], 'bus_to_mem_connection': [-1, 0, -1], 'task_to_pe_mapping': [0, 1, 1, 0, 0, 1, 1, 1], 'task_to_mem_mapping': [1, 1, 1, 1, 1, 1, 1, 0]}",-10000.0,"[1000.0, 1000.0, 1000.0]"
