"{'pe_allocation': [0, 0, 0], 'mem_allocation': [2, 2, 1], 'bus_allocation': [2, 1, 2], 'pe_to_bus_connection': [1, 0, 0], 'bus_to_bus_connection': [1, 0, 1], 'bus_to_mem_connection': [-1, 1, 0], 'task_to_pe_mapping': [0, 1, 0, 0, 1, 0, 0, 0], 'task_to_mem_mapping': [1, 1, 0, 1, 1, 1, 1, 1]}",92.19611358642578,"[2.8672034740448, 0.08620443195104599, 2.736339183684322e-06]"
"{'pe_allocation': [0, 0, 0], 'mem_allocation': [0, 0, 0], 'bus_allocation': [1, 0, 2], 'pe_to_bus_connection': [1, 0, 1], 'bus_to_bus_connection': [-1, 0, -1], 'bus_to_mem_connection': [-1, 1, -1], 'task_to_pe_mapping': [0, 0, 1, 0, 0, 1, 1, 0], 'task_to_mem_mapping': [0, 0, 0, 1, 0, 0, 1, 1]}",-10000.0,"[1000.0, 1000.0, 1000.0]"
"{'pe_allocation': [0, 0, 0], 'mem_allocation': [1, 0, 2], 'bus_allocation': [0, 2, 1], 'pe_to_bus_connection': [1, 0, 0], 'bus_to_bus_connection': [1, 0, -1], 'bus_to_mem_connection': [1, -1, 0], 'task_to_pe_mapping': [1, 1, 1, 1, 0, 0, 0, 1], 'task_to_mem_mapping': [1, 1, 1, 0, 0, 0, 1, 0]}",91.63611602783203,"[2.852454423904419, 0.0851018875837326, 2.375410076638218e-06]"
"{'pe_allocation': [0, 0, 0], 'mem_allocation': [1, 1, 0], 'bus_allocation': [2, 0, 1], 'pe_to_bus_connection': [1, 0, 1], 'bus_to_bus_connection': [1, -1, 1], 'bus_to_mem_connection': [-1, -1, 1], 'task_to_pe_mapping': [1, 0, 0, 0, 1, 1, 1, 1], 'task_to_mem_mapping': [0, 1, 0, 0, 1, 1, 0, 0]}",-10000.0,"[1000.0, 1000.0, 1000.0]"
"{'pe_allocation': [0, 0, 0], 'mem_allocation': [2, 1, 0], 'bus_allocation': [0, 2, 2], 'pe_to_bus_connection': [0, 0, 0], 'bus_to_bus_connection': [1, 0, -1], 'bus_to_mem_connection': [-1, 0, -1], 'task_to_pe_mapping': [0, 1, 0, 0, 0, 0, 1, 0], 'task_to_mem_mapping': [1, 1, 1, 1, 1, 0, 1, 0]}",-10000.0,"[1000.0, 1000.0, 1000.0]"
"{'pe_allocation': [0, 0, 0], 'mem_allocation': [2, 1, 0], 'bus_allocation': [1, 2, 0], 'pe_to_bus_connection': [1, 1, 0], 'bus_to_bus_connection': [1, -1, 1], 'bus_to_mem_connection': [-1, 1, 0], 'task_to_pe_mapping': [0, 0, 0, 0, 1, 1, 1, 1], 'task_to_mem_mapping': [0, 0, 1, 1, 1, 1, 0, 1]}",92.1883773803711,"[2.866957426071167, 0.08620013296604156, 2.6931168122246163e-06]"
"{'pe_allocation': [0, 0, 0], 'mem_allocation': [0, 2, 2], 'bus_allocation': [0, 0, 2], 'pe_to_bus_connection': [1, 1, 1], 'bus_to_bus_connection': [1, -1, 1], 'bus_to_mem_connection': [0, 1, -1], 'task_to_pe_mapping': [0, 0, 0, 1, 0, 0, 0, 0], 'task_to_mem_mapping': [0, 1, 0, 0, 1, 1, 0, 0]}",91.46255493164062,"[2.8590080738067627, 0.08190135657787323, 2.6931168122246163e-06]"
"{'pe_allocation': [0, 0, 0], 'mem_allocation': [1, 2, 0], 'bus_allocation': [1, 0, 0], 'pe_to_bus_connection': [0, 0, 1], 'bus_to_bus_connection': [1, 0, 1], 'bus_to_mem_connection': [-1, -1, 0], 'task_to_pe_mapping': [0, 1, 0, 1, 0, 0, 0, 0], 'task_to_mem_mapping': [1, 1, 1, 0, 1, 1, 1, 0]}",-10000.0,"[1000.0, 1000.0, 1000.0]"
"{'pe_allocation': [0, 0, 0], 'mem_allocation': [1, 0, 2], 'bus_allocation': [0, 0, 0], 'pe_to_bus_connection': [0, 0, 1], 'bus_to_bus_connection': [1, -1, -1], 'bus_to_mem_connection': [1, 0, -1], 'task_to_pe_mapping': [1, 1, 0, 1, 1, 1, 1, 1], 'task_to_mem_mapping': [1, 1, 1, 0, 1, 1, 0, 1]}",88.49976348876953,"[2.875391960144043, 0.051805280148983, 2.8125662083766656e-06]"
"{'pe_allocation': [0, 0, 0], 'mem_allocation': [0, 1, 2], 'bus_allocation': [2, 2, 0], 'pe_to_bus_connection': [0, 0, 1], 'bus_to_bus_connection': [-1, 0, -1], 'bus_to_mem_connection': [0, -1, -1], 'task_to_pe_mapping': [1, 0, 1, 0, 1, 0, 0, 0], 'task_to_mem_mapping': [0, 0, 0, 1, 1, 1, 1, 1]}",89.68120574951172,"[2.8672034740448, 0.06423167139291763, 2.375410076638218e-06]"
"{'pe_allocation': [0, 0, 0], 'mem_allocation': [2, 1, 2], 'bus_allocation': [0, 2, 0], 'pe_to_bus_connection': [0, 1, 0], 'bus_to_bus_connection': [-1, -1, 1], 'bus_to_mem_connection': [0, 1, -1], 'task_to_pe_mapping': [0, 0, 0, 1, 0, 0, 1, 1], 'task_to_mem_mapping': [0, 0, 1, 1, 1, 1, 0, 1]}",-10000.0,"[1000.0, 1000.0, 1000.0]"
"{'pe_allocation': [0, 0, 0], 'mem_allocation': [0, 2, 2], 'bus_allocation': [2, 1, 0], 'pe_to_bus_connection': [1, 1, 1], 'bus_to_bus_connection': [1, -1, -1], 'bus_to_mem_connection': [-1, 0, -1], 'task_to_pe_mapping': [1, 0, 1, 1, 0, 1, 1, 1], 'task_to_mem_mapping': [0, 0, 1, 1, 1, 0, 1, 0]}",92.06804656982422,"[2.8672034740448, 0.08508551865816116, 2.030730001933989e-06]"
"{'pe_allocation': [0, 0, 0], 'mem_allocation': [0, 0, 0], 'bus_allocation': [2, 1, 2], 'pe_to_bus_connection': [1, 1, 1], 'bus_to_bus_connection': [1, -1, 0], 'bus_to_mem_connection': [-1, -1, 0], 'task_to_pe_mapping': [0, 1, 1, 0, 0, 0, 1, 1], 'task_to_mem_mapping': [0, 1, 0, 0, 0, 0, 0, 1]}",88.41999816894531,"[2.8737571239471436, 0.051528457552194595, 2.375410076638218e-06]"
"{'pe_allocation': [0, 0, 0], 'mem_allocation': [2, 1, 2], 'bus_allocation': [1, 1, 2], 'pe_to_bus_connection': [0, 1, 1], 'bus_to_bus_connection': [1, -1, 0], 'bus_to_mem_connection': [0, -1, 1], 'task_to_pe_mapping': [1, 0, 0, 1, 0, 0, 1, 1], 'task_to_mem_mapping': [1, 0, 0, 0, 0, 1, 0, 1]}",92.00626373291016,"[2.8668344020843506, 0.08464060723781586, 2.72804822998296e-06]"
"{'pe_allocation': [0, 0, 0], 'mem_allocation': [2, 0, 1], 'bus_allocation': [1, 0, 2], 'pe_to_bus_connection': [1, 1, 0], 'bus_to_bus_connection': [1, -1, 1], 'bus_to_mem_connection': [-1, 1, -1], 'task_to_pe_mapping': [0, 0, 1, 1, 0, 1, 0, 1], 'task_to_mem_mapping': [1, 0, 1, 0, 1, 0, 0, 0]}",92.00626373291016,"[2.8668344020843506, 0.08464060723781586, 2.72804822998296e-06]"
"{'pe_allocation': [0, 0, 0], 'mem_allocation': [1, 0, 1], 'bus_allocation': [1, 2, 1], 'pe_to_bus_connection': [1, 1, 1], 'bus_to_bus_connection': [-1, -1, 0], 'bus_to_mem_connection': [-1, 1, -1], 'task_to_pe_mapping': [1, 0, 0, 0, 1, 1, 1, 1], 'task_to_mem_mapping': [1, 0, 1, 0, 1, 0, 1, 1]}",91.71589660644531,"[2.852454423904419, 0.08579887449741364, 2.030730001933989e-06]"
"{'pe_allocation': [0, 0, 0], 'mem_allocation': [2, 0, 1], 'bus_allocation': [2, 2, 1], 'pe_to_bus_connection': [1, 0, 1], 'bus_to_bus_connection': [1, 0, 1], 'bus_to_mem_connection': [1, -1, -1], 'task_to_pe_mapping': [0, 1, 0, 0, 0, 0, 1, 0], 'task_to_mem_mapping': [1, 0, 1, 1, 0, 0, 1, 0]}",99.8660659790039,"[3.294826030731201, 0.04333043098449707, 2.030730001933989e-06]"
"{'pe_allocation': [0, 0, 0], 'mem_allocation': [0, 2, 1], 'bus_allocation': [1, 0, 0], 'pe_to_bus_connection': [0, 1, 1], 'bus_to_bus_connection': [-1, 0, 0], 'bus_to_mem_connection': [0, -1, -1], 'task_to_pe_mapping': [0, 0, 0, 0, 1, 1, 1, 0], 'task_to_mem_mapping': [1, 0, 0, 0, 0, 0, 0, 0]}",-10000.0,"[1000.0, 1000.0, 1000.0]"
"{'pe_allocation': [0, 0, 0], 'mem_allocation': [1, 1, 1], 'bus_allocation': [2, 0, 1], 'pe_to_bus_connection': [1, 0, 1], 'bus_to_bus_connection': [1, -1, 1], 'bus_to_mem_connection': [-1, 0, 1], 'task_to_pe_mapping': [0, 1, 1, 0, 1, 1, 1, 1], 'task_to_mem_mapping': [0, 0, 0, 1, 1, 1, 1, 0]}",91.45787048339844,"[2.8590080738067627, 0.08186046779155731, 2.730722371779848e-06]"
"{'pe_allocation': [0, 0, 0], 'mem_allocation': [1, 2, 2], 'bus_allocation': [2, 0, 1], 'pe_to_bus_connection': [1, 0, 0], 'bus_to_bus_connection': [-1, -1, -1], 'bus_to_mem_connection': [0, -1, 1], 'task_to_pe_mapping': [0, 1, 0, 0, 0, 1, 1, 0], 'task_to_mem_mapping': [1, 0, 0, 1, 1, 1, 1, 0]}",-10000.0,"[1000.0, 1000.0, 1000.0]"
"{'pe_allocation': [0, 0, 0], 'mem_allocation': [1, 1, 0], 'bus_allocation': [0, 1, 0], 'pe_to_bus_connection': [0, 0, 1], 'bus_to_bus_connection': [-1, -1, -1], 'bus_to_mem_connection': [-1, -1, 1], 'task_to_pe_mapping': [1, 0, 1, 1, 0, 0, 0, 0], 'task_to_mem_mapping': [0, 1, 1, 0, 1, 0, 0, 1]}",-10000.0,"[1000.0, 1000.0, 1000.0]"
"{'pe_allocation': [0, 0, 0], 'mem_allocation': [1, 1, 0], 'bus_allocation': [0, 1, 2], 'pe_to_bus_connection': [0, 1, 0], 'bus_to_bus_connection': [1, 0, 0], 'bus_to_mem_connection': [-1, 0, 1], 'task_to_pe_mapping': [0, 0, 0, 0, 1, 0, 1, 0], 'task_to_mem_mapping': [1, 1, 0, 0, 0, 1, 0, 0]}",92.24369812011719,"[2.868838310241699, 0.08620013296604156, 2.6931168122246163e-06]"
"{'pe_allocation': [0, 0, 0], 'mem_allocation': [2, 2, 2], 'bus_allocation': [0, 2, 1], 'pe_to_bus_connection': [1, 1, 0], 'bus_to_bus_connection': [1, 0, 1], 'bus_to_mem_connection': [-1, -1, 0], 'task_to_pe_mapping': [0, 0, 1, 1, 0, 1, 0, 0], 'task_to_mem_mapping': [1, 1, 0, 0, 1, 1, 0, 1]}",-10000.0,"[1000.0, 1000.0, 1000.0]"
"{'pe_allocation': [0, 0, 0], 'mem_allocation': [1, 1, 1], 'bus_allocation': [0, 0, 1], 'pe_to_bus_connection': [0, 0, 0], 'bus_to_bus_connection': [1, -1, -1], 'bus_to_mem_connection': [-1, 1, -1], 'task_to_pe_mapping': [1, 0, 0, 0, 0, 1, 1, 1], 'task_to_mem_mapping': [1, 0, 0, 1, 1, 1, 1, 0]}",99.8660659790039,"[3.294826030731201, 0.04333043098449707, 2.030730001933989e-06]"
"{'pe_allocation': [0, 0, 0], 'mem_allocation': [2, 2, 0], 'bus_allocation': [0, 2, 2], 'pe_to_bus_connection': [0, 0, 0], 'bus_to_bus_connection': [1, 0, -1], 'bus_to_mem_connection': [1, 0, -1], 'task_to_pe_mapping': [1, 0, 0, 0, 1, 1, 1, 0], 'task_to_mem_mapping': [1, 1, 1, 1, 1, 0, 0, 0]}",92.72239685058594,"[2.884402275085449, 0.08638303726911545, 2.8048830245097633e-06]"
"{'pe_allocation': [0, 0, 0], 'mem_allocation': [2, 1, 0], 'bus_allocation': [0, 0, 2], 'pe_to_bus_connection': [0, 0, 1], 'bus_to_bus_connection': [1, -1, 1], 'bus_to_mem_connection': [1, 0, -1], 'task_to_pe_mapping': [1, 0, 1, 1, 1, 1, 1, 0], 'task_to_mem_mapping': [0, 1, 0, 1, 1, 0, 1, 0]}",99.90814971923828,"[3.2964608669281006, 0.043278057128190994, 2.6931168122246163e-06]"
"{'pe_allocation': [0, 0, 0], 'mem_allocation': [1, 2, 1], 'bus_allocation': [1, 1, 2], 'pe_to_bus_connection': [0, 0, 0], 'bus_to_bus_connection': [-1, 0, 1], 'bus_to_mem_connection': [1, -1, 0], 'task_to_pe_mapping': [1, 1, 0, 0, 1, 1, 0, 0], 'task_to_mem_mapping': [1, 1, 0, 1, 0, 1, 1, 1]}",92.19942474365234,"[2.866957426071167, 0.08629664033651352, 2.730722371779848e-06]"
"{'pe_allocation': [0, 0, 0], 'mem_allocation': [2, 2, 2], 'bus_allocation': [1, 0, 0], 'pe_to_bus_connection': [0, 1, 0], 'bus_to_bus_connection': [1, 0, -1], 'bus_to_mem_connection': [1, -1, -1], 'task_to_pe_mapping': [0, 0, 1, 0, 0, 0, 1, 0], 'task_to_mem_mapping': [1, 0, 1, 0, 0, 1, 1, 1]}",-10000.0,"[1000.0, 1000.0, 1000.0]"
"{'pe_allocation': [0, 0, 0], 'mem_allocation': [0, 2, 2], 'bus_allocation': [0, 1, 1], 'pe_to_bus_connection': [1, 1, 0], 'bus_to_bus_connection': [1, -1, -1], 'bus_to_mem_connection': [-1, -1, 0], 'task_to_pe_mapping': [0, 1, 1, 1, 0, 0, 0, 0], 'task_to_mem_mapping': [0, 0, 1, 1, 1, 0, 1, 0]}",-10000.0,"[1000.0, 1000.0, 1000.0]"
"{'pe_allocation': [0, 0, 0], 'mem_allocation': [0, 2, 1], 'bus_allocation': [1, 0, 0], 'pe_to_bus_connection': [1, 0, 1], 'bus_to_bus_connection': [-1, -1, 1], 'bus_to_mem_connection': [0, 1, -1], 'task_to_pe_mapping': [1, 0, 1, 0, 0, 0, 1, 1], 'task_to_mem_mapping': [1, 1, 1, 1, 0, 1, 1, 0]}",-10000.0,"[1000.0, 1000.0, 1000.0]"
"{'pe_allocation': [0, 0, 0], 'mem_allocation': [2, 2, 1], 'bus_allocation': [2, 1, 2], 'pe_to_bus_connection': [1, 1, 1], 'bus_to_bus_connection': [-1, 0, -1], 'bus_to_mem_connection': [-1, 0, -1], 'task_to_pe_mapping': [0, 0, 0, 0, 0, 1, 0, 1], 'task_to_mem_mapping': [1, 0, 1, 0, 0, 0, 1, 0]}",92.19942474365234,"[2.866957426071167, 0.08629664033651352, 2.730722371779848e-06]"
"{'pe_allocation': [0, 0, 0], 'mem_allocation': [0, 1, 2], 'bus_allocation': [1, 0, 2], 'pe_to_bus_connection': [1, 1, 1], 'bus_to_bus_connection': [-1, 0, 0], 'bus_to_mem_connection': [-1, 0, -1], 'task_to_pe_mapping': [0, 1, 1, 1, 0, 1, 0, 0], 'task_to_mem_mapping': [0, 0, 0, 0, 1, 0, 0, 1]}",92.1328353881836,"[2.8672034740448, 0.08565156906843185, 2.4572539132350357e-06]"
"{'pe_allocation': [0, 0, 0], 'mem_allocation': [1, 0, 1], 'bus_allocation': [1, 0, 0], 'pe_to_bus_connection': [0, 0, 1], 'bus_to_bus_connection': [1, -1, 0], 'bus_to_mem_connection': [-1, 1, 0], 'task_to_pe_mapping': [0, 0, 1, 0, 1, 1, 0, 0], 'task_to_mem_mapping': [1, 1, 1, 0, 0, 0, 0, 1]}",91.8994140625,"[2.8573732376098633, 0.08613833039999008, 2.730722371779848e-06]"
"{'pe_allocation': [0, 0, 0], 'mem_allocation': [1, 1, 0], 'bus_allocation': [0, 0, 1], 'pe_to_bus_connection': [0, 1, 1], 'bus_to_bus_connection': [-1, -1, -1], 'bus_to_mem_connection': [0, -1, -1], 'task_to_pe_mapping': [0, 1, 1, 0, 0, 0, 1, 1], 'task_to_mem_mapping': [1, 0, 1, 0, 0, 0, 1, 1]}",-10000.0,"[1000.0, 1000.0, 1000.0]"
"{'pe_allocation': [0, 0, 0], 'mem_allocation': [0, 0, 0], 'bus_allocation': [2, 2, 2], 'pe_to_bus_connection': [1, 0, 0], 'bus_to_bus_connection': [1, 0, -1], 'bus_to_mem_connection': [-1, 1, 0], 'task_to_pe_mapping': [0, 0, 0, 1, 1, 0, 1, 1], 'task_to_mem_mapping': [0, 0, 1, 0, 0, 0, 0, 0]}",91.8994140625,"[2.8573732376098633, 0.08613833039999008, 2.730722371779848e-06]"
"{'pe_allocation': [0, 0, 0], 'mem_allocation': [0, 0, 0], 'bus_allocation': [1, 1, 1], 'pe_to_bus_connection': [1, 0, 0], 'bus_to_bus_connection': [-1, -1, 1], 'bus_to_mem_connection': [0, 1, -1], 'task_to_pe_mapping': [1, 0, 0, 0, 0, 1, 1, 1], 'task_to_mem_mapping': [1, 1, 1, 0, 1, 1, 0, 0]}",-10000.0,"[1000.0, 1000.0, 1000.0]"
"{'pe_allocation': [0, 0, 0], 'mem_allocation': [2, 0, 2], 'bus_allocation': [1, 1, 2], 'pe_to_bus_connection': [0, 1, 0], 'bus_to_bus_connection': [-1, -1, 0], 'bus_to_mem_connection': [1, -1, 0], 'task_to_pe_mapping': [0, 1, 1, 1, 0, 0, 1, 1], 'task_to_mem_mapping': [1, 1, 0, 0, 0, 0, 1, 0]}",-10000.0,"[1000.0, 1000.0, 1000.0]"
"{'pe_allocation': [0, 0, 0], 'mem_allocation': [0, 2, 0], 'bus_allocation': [0, 2, 2], 'pe_to_bus_connection': [0, 0, 1], 'bus_to_bus_connection': [-1, -1, 1], 'bus_to_mem_connection': [1, -1, -1], 'task_to_pe_mapping': [0, 1, 1, 0, 0, 1, 1, 1], 'task_to_mem_mapping': [1, 1, 0, 1, 1, 0, 1, 1]}",91.4520034790039,"[2.8590080738067627, 0.08180917054414749, 2.4572539132350357e-06]"
"{'pe_allocation': [0, 0, 0], 'mem_allocation': [2, 2, 0], 'bus_allocation': [2, 1, 1], 'pe_to_bus_connection': [0, 0, 1], 'bus_to_bus_connection': [-1, 0, 0], 'bus_to_mem_connection': [-1, 1, -1], 'task_to_pe_mapping': [1, 1, 0, 1, 1, 1, 0, 0], 'task_to_mem_mapping': [0, 0, 0, 0, 0, 0, 0, 0]}",-10000.0,"[1000.0, 1000.0, 1000.0]"
"{'pe_allocation': [0, 0, 0], 'mem_allocation': [2, 0, 2], 'bus_allocation': [1, 2, 1], 'pe_to_bus_connection': [0, 0, 0], 'bus_to_bus_connection': [1, -1, 1], 'bus_to_mem_connection': [1, 0, -1], 'task_to_pe_mapping': [0, 1, 1, 1, 1, 0, 1, 1], 'task_to_mem_mapping': [0, 0, 1, 1, 0, 0, 1, 1]}",99.86993408203125,"[3.294826030731201, 0.04336421936750412, 2.730722371779848e-06]"
"{'pe_allocation': [0, 0, 0], 'mem_allocation': [0, 0, 0], 'bus_allocation': [0, 0, 0], 'pe_to_bus_connection': [0, 0, 0], 'bus_to_bus_connection': [1, -1, 1], 'bus_to_mem_connection': [-1, 1, -1], 'task_to_pe_mapping': [1, 1, 0, 0, 0, 0, 1, 0], 'task_to_mem_mapping': [0, 0, 1, 0, 1, 0, 0, 0]}",-10000.0,"[1000.0, 1000.0, 1000.0]"
"{'pe_allocation': [0, 0, 0], 'mem_allocation': [0, 1, 0], 'bus_allocation': [0, 0, 1], 'pe_to_bus_connection': [1, 0, 0], 'bus_to_bus_connection': [1, -1, 0], 'bus_to_mem_connection': [0, -1, -1], 'task_to_pe_mapping': [1, 0, 1, 0, 1, 1, 0, 1], 'task_to_mem_mapping': [1, 1, 0, 1, 1, 1, 1, 0]}",-10000.0,"[1000.0, 1000.0, 1000.0]"
"{'pe_allocation': [0, 0, 0], 'mem_allocation': [0, 1, 1], 'bus_allocation': [2, 2, 0], 'pe_to_bus_connection': [0, 1, 0], 'bus_to_bus_connection': [1, 0, 0], 'bus_to_mem_connection': [-1, 1, 0], 'task_to_pe_mapping': [1, 1, 1, 1, 0, 0, 1, 1], 'task_to_mem_mapping': [1, 0, 0, 1, 1, 1, 0, 0]}",91.80036926269531,"[2.852454423904419, 0.08653692156076431, 2.6931168122246163e-06]"
"{'pe_allocation': [0, 0, 0], 'mem_allocation': [0, 2, 0], 'bus_allocation': [0, 1, 1], 'pe_to_bus_connection': [0, 0, 0], 'bus_to_bus_connection': [-1, 0, 1], 'bus_to_mem_connection': [-1, 0, -1], 'task_to_pe_mapping': [1, 0, 0, 0, 0, 1, 0, 1], 'task_to_mem_mapping': [0, 1, 0, 1, 1, 1, 0, 0]}",99.84469604492188,"[3.294826030731201, 0.04314374923706055, 1.962386932063964e-06]"
"{'pe_allocation': [0, 0, 0], 'mem_allocation': [2, 2, 1], 'bus_allocation': [1, 1, 0], 'pe_to_bus_connection': [0, 1, 1], 'bus_to_bus_connection': [-1, 0, 0], 'bus_to_mem_connection': [1, 0, -1], 'task_to_pe_mapping': [1, 1, 0, 0, 1, 0, 0, 1], 'task_to_mem_mapping': [0, 1, 0, 1, 0, 0, 1, 1]}",92.21517944335938,"[2.8672034740448, 0.086371049284935, 2.6931168122246163e-06]"
"{'pe_allocation': [0, 0, 0], 'mem_allocation': [0, 1, 2], 'bus_allocation': [2, 2, 1], 'pe_to_bus_connection': [1, 1, 1], 'bus_to_bus_connection': [-1, -1, 0], 'bus_to_mem_connection': [1, -1, 0], 'task_to_pe_mapping': [1, 0, 0, 1, 0, 0, 0, 1], 'task_to_mem_mapping': [0, 1, 0, 1, 1, 0, 0, 0]}",-10000.0,"[1000.0, 1000.0, 1000.0]"
"{'pe_allocation': [0, 0, 0], 'mem_allocation': [0, 1, 1], 'bus_allocation': [2, 2, 2], 'pe_to_bus_connection': [1, 0, 0], 'bus_to_bus_connection': [-1, 0, -1], 'bus_to_mem_connection': [-1, 0, -1], 'task_to_pe_mapping': [0, 0, 0, 1, 1, 0, 1, 1], 'task_to_mem_mapping': [1, 0, 1, 0, 1, 1, 0, 1]}",-10000.0,"[1000.0, 1000.0, 1000.0]"
"{'pe_allocation': [0, 0, 0], 'mem_allocation': [0, 1, 2], 'bus_allocation': [0, 0, 2], 'pe_to_bus_connection': [1, 1, 0], 'bus_to_bus_connection': [1, 0, 1], 'bus_to_mem_connection': [-1, -1, 0], 'task_to_pe_mapping': [1, 1, 0, 1, 1, 0, 1, 1], 'task_to_mem_mapping': [0, 0, 0, 0, 0, 1, 1, 0]}",88.50611114501953,"[2.875326156616211, 0.05187763273715973, 2.5257979814341525e-06]"
"{'pe_allocation': [0, 0, 0], 'mem_allocation': [0, 1, 1], 'bus_allocation': [2, 0, 2], 'pe_to_bus_connection': [0, 1, 0], 'bus_to_bus_connection': [1, -1, 0], 'bus_to_mem_connection': [1, 0, -1], 'task_to_pe_mapping': [0, 0, 0, 1, 0, 0, 1, 0], 'task_to_mem_mapping': [0, 1, 1, 1, 0, 1, 1, 0]}",91.46255493164062,"[2.8590080738067627, 0.08190136402845383, 2.6931168122246163e-06]"
"{'pe_allocation': [0, 0, 0], 'mem_allocation': [0, 0, 2], 'bus_allocation': [0, 2, 1], 'pe_to_bus_connection': [0, 0, 1], 'bus_to_bus_connection': [1, 0, 0], 'bus_to_mem_connection': [1, -1, -1], 'task_to_pe_mapping': [1, 0, 1, 1, 0, 0, 1, 0], 'task_to_mem_mapping': [0, 1, 0, 1, 0, 0, 1, 0]}",91.46255493164062,"[2.8590080738067627, 0.08190136402845383, 2.6931168122246163e-06]"
"{'pe_allocation': [0, 0, 0], 'mem_allocation': [2, 1, 2], 'bus_allocation': [2, 1, 1], 'pe_to_bus_connection': [1, 1, 1], 'bus_to_bus_connection': [-1, -1, 1], 'bus_to_mem_connection': [1, -1, 0], 'task_to_pe_mapping': [1, 0, 0, 0, 1, 0, 1, 0], 'task_to_mem_mapping': [1, 0, 0, 1, 1, 1, 1, 0]}",-10000.0,"[1000.0, 1000.0, 1000.0]"
"{'pe_allocation': [0, 0, 0], 'mem_allocation': [1, 2, 2], 'bus_allocation': [1, 1, 1], 'pe_to_bus_connection': [1, 1, 1], 'bus_to_bus_connection': [-1, -1, -1], 'bus_to_mem_connection': [1, -1, -1], 'task_to_pe_mapping': [1, 0, 0, 1, 0, 1, 0, 0], 'task_to_mem_mapping': [0, 0, 0, 0, 1, 0, 1, 1]}",-10000.0,"[1000.0, 1000.0, 1000.0]"
"{'pe_allocation': [0, 0, 0], 'mem_allocation': [2, 0, 0], 'bus_allocation': [0, 1, 2], 'pe_to_bus_connection': [0, 1, 0], 'bus_to_bus_connection': [-1, -1, -1], 'bus_to_mem_connection': [0, -1, -1], 'task_to_pe_mapping': [0, 0, 1, 0, 1, 1, 1, 1], 'task_to_mem_mapping': [1, 1, 1, 0, 0, 1, 0, 1]}",-10000.0,"[1000.0, 1000.0, 1000.0]"
"{'pe_allocation': [0, 0, 0], 'mem_allocation': [2, 2, 0], 'bus_allocation': [1, 2, 0], 'pe_to_bus_connection': [0, 0, 0], 'bus_to_bus_connection': [-1, -1, 1], 'bus_to_mem_connection': [0, 1, -1], 'task_to_pe_mapping': [1, 1, 0, 1, 0, 1, 0, 0], 'task_to_mem_mapping': [1, 0, 0, 0, 0, 0, 1, 0]}",91.46255493164062,"[2.8590080738067627, 0.08190136402845383, 2.6931168122246163e-06]"
"{'pe_allocation': [0, 0, 0], 'mem_allocation': [1, 1, 0], 'bus_allocation': [1, 0, 0], 'pe_to_bus_connection': [1, 0, 0], 'bus_to_bus_connection': [-1, -1, 0], 'bus_to_mem_connection': [-1, -1, 1], 'task_to_pe_mapping': [1, 1, 0, 0, 1, 0, 1, 1], 'task_to_mem_mapping': [0, 0, 0, 1, 1, 1, 1, 1]}",-10000.0,"[1000.0, 1000.0, 1000.0]"
"{'pe_allocation': [0, 0, 0], 'mem_allocation': [2, 0, 2], 'bus_allocation': [0, 2, 0], 'pe_to_bus_connection': [1, 0, 0], 'bus_to_bus_connection': [1, -1, 0], 'bus_to_mem_connection': [-1, 1, -1], 'task_to_pe_mapping': [1, 1, 1, 0, 1, 0, 0, 1], 'task_to_mem_mapping': [1, 1, 0, 0, 0, 0, 1, 1]}",91.46255493164062,"[2.8590080738067627, 0.08190136402845383, 2.6931168122246163e-06]"
"{'pe_allocation': [0, 0, 0], 'mem_allocation': [1, 1, 0], 'bus_allocation': [0, 0, 1], 'pe_to_bus_connection': [1, 1, 1], 'bus_to_bus_connection': [1, 0, -1], 'bus_to_mem_connection': [-1, -1, 0], 'task_to_pe_mapping': [1, 1, 0, 1, 1, 1, 0, 0], 'task_to_mem_mapping': [0, 1, 1, 0, 1, 0, 1, 1]}",-10000.0,"[1000.0, 1000.0, 1000.0]"
"{'pe_allocation': [0, 0, 0], 'mem_allocation': [0, 2, 2], 'bus_allocation': [2, 2, 0], 'pe_to_bus_connection': [1, 0, 0], 'bus_to_bus_connection': [-1, -1, 1], 'bus_to_mem_connection': [-1, 0, 1], 'task_to_pe_mapping': [1, 0, 0, 1, 0, 1, 1, 1], 'task_to_mem_mapping': [0, 0, 0, 0, 1, 0, 1, 1]}",-10000.0,"[1000.0, 1000.0, 1000.0]"
"{'pe_allocation': [0, 0, 0], 'mem_allocation': [0, 1, 2], 'bus_allocation': [2, 2, 0], 'pe_to_bus_connection': [1, 1, 0], 'bus_to_bus_connection': [-1, -1, -1], 'bus_to_mem_connection': [-1, 0, -1], 'task_to_pe_mapping': [1, 1, 0, 0, 0, 1, 1, 0], 'task_to_mem_mapping': [0, 0, 0, 0, 0, 0, 1, 0]}",99.90028381347656,"[3.2964608669281006, 0.04320930317044258, 2.5257979814341525e-06]"
"{'pe_allocation': [0, 0, 0], 'mem_allocation': [0, 2, 1], 'bus_allocation': [0, 0, 2], 'pe_to_bus_connection': [1, 0, 0], 'bus_to_bus_connection': [1, 0, 0], 'bus_to_mem_connection': [0, -1, 1], 'task_to_pe_mapping': [1, 1, 1, 1, 1, 1, 0, 0], 'task_to_mem_mapping': [1, 0, 1, 0, 0, 0, 1, 1]}",99.90814971923828,"[3.2964608669281006, 0.043278057128190994, 2.6931168122246163e-06]"
"{'pe_allocation': [0, 0, 0], 'mem_allocation': [0, 0, 2], 'bus_allocation': [0, 0, 0], 'pe_to_bus_connection': [0, 1, 1], 'bus_to_bus_connection': [1, -1, 0], 'bus_to_mem_connection': [-1, 0, 1], 'task_to_pe_mapping': [0, 1, 0, 1, 1, 1, 0, 0], 'task_to_mem_mapping': [1, 0, 0, 0, 0, 1, 1, 1]}",88.49134063720703,"[2.875391960144043, 0.051731694489717484, 3.0351229725056328e-06]"
"{'pe_allocation': [0, 0, 0], 'mem_allocation': [1, 1, 2], 'bus_allocation': [1, 2, 1], 'pe_to_bus_connection': [1, 0, 1], 'bus_to_bus_connection': [1, -1, 0], 'bus_to_mem_connection': [1, -1, 0], 'task_to_pe_mapping': [1, 1, 0, 0, 1, 1, 0, 0], 'task_to_mem_mapping': [0, 0, 1, 0, 0, 1, 1, 0]}",91.76231384277344,"[2.852454423904419, 0.08620443195104599, 2.736339183684322e-06]"
"{'pe_allocation': [0, 0, 0], 'mem_allocation': [0, 0, 0], 'bus_allocation': [1, 0, 0], 'pe_to_bus_connection': [1, 1, 1], 'bus_to_bus_connection': [-1, -1, 1], 'bus_to_mem_connection': [0, -1, 1], 'task_to_pe_mapping': [0, 0, 0, 0, 0, 0, 1, 1], 'task_to_mem_mapping': [0, 0, 0, 1, 1, 1, 1, 0]}",-10000.0,"[1000.0, 1000.0, 1000.0]"
"{'pe_allocation': [0, 0, 0], 'mem_allocation': [1, 2, 0], 'bus_allocation': [1, 2, 1], 'pe_to_bus_connection': [0, 1, 0], 'bus_to_bus_connection': [-1, -1, 1], 'bus_to_mem_connection': [-1, -1, 1], 'task_to_pe_mapping': [1, 0, 1, 1, 0, 0, 0, 1], 'task_to_mem_mapping': [1, 1, 0, 1, 1, 0, 0, 1]}",-10000.0,"[1000.0, 1000.0, 1000.0]"
"{'pe_allocation': [0, 0, 0], 'mem_allocation': [2, 2, 2], 'bus_allocation': [0, 1, 2], 'pe_to_bus_connection': [0, 0, 0], 'bus_to_bus_connection': [1, 0, 0], 'bus_to_mem_connection': [-1, -1, 1], 'task_to_pe_mapping': [0, 1, 0, 1, 0, 1, 1, 1], 'task_to_mem_mapping': [1, 1, 0, 1, 1, 0, 0, 1]}",89.7167739868164,"[2.8672034740448, 0.0645424947142601, 2.4572539132350357e-06]"
"{'pe_allocation': [0, 0, 0], 'mem_allocation': [1, 0, 1], 'bus_allocation': [0, 1, 1], 'pe_to_bus_connection': [1, 1, 1], 'bus_to_bus_connection': [1, -1, 1], 'bus_to_mem_connection': [-1, 0, 1], 'task_to_pe_mapping': [0, 0, 1, 0, 0, 1, 1, 0], 'task_to_mem_mapping': [0, 1, 1, 1, 0, 1, 1, 1]}",91.9527587890625,"[2.8590080738067627, 0.08618426322937012, 2.6931168122246163e-06]"
"{'pe_allocation': [0, 0, 0], 'mem_allocation': [0, 0, 1], 'bus_allocation': [0, 0, 0], 'pe_to_bus_connection': [1, 1, 0], 'bus_to_bus_connection': [-1, 0, 0], 'bus_to_mem_connection': [-1, 0, 1], 'task_to_pe_mapping': [1, 1, 1, 1, 1, 1, 1, 1], 'task_to_mem_mapping': [1, 0, 0, 0, 1, 1, 0, 1]}",99.90947723388672,"[3.2964608669281006, 0.04328961670398712, 2.0431168650247855e-06]"
"{'pe_allocation': [0, 0, 0], 'mem_allocation': [1, 2, 2], 'bus_allocation': [0, 1, 2], 'pe_to_bus_connection': [0, 0, 1], 'bus_to_bus_connection': [1, 0, 1], 'bus_to_mem_connection': [0, -1, 1], 'task_to_pe_mapping': [0, 1, 0, 0, 1, 0, 0, 1], 'task_to_mem_mapping': [1, 1, 0, 0, 0, 0, 0, 1]}",92.24369812011719,"[2.868838310241699, 0.08620013296604156, 2.6931168122246163e-06]"
"{'pe_allocation': [0, 0, 0], 'mem_allocation': [2, 2, 2], 'bus_allocation': [2, 1, 2], 'pe_to_bus_connection': [1, 1, 1], 'bus_to_bus_connection': [1, -1, 0], 'bus_to_mem_connection': [-1, -1, 1], 'task_to_pe_mapping': [0, 1, 1, 1, 1, 0, 1, 1], 'task_to_mem_mapping': [0, 0, 0, 1, 0, 0, 0, 0]}",-10000.0,"[1000.0, 1000.0, 1000.0]"
"{'pe_allocation': [0, 0, 0], 'mem_allocation': [2, 1, 2], 'bus_allocation': [0, 2, 0], 'pe_to_bus_connection': [1, 0, 0], 'bus_to_bus_connection': [1, -1, 0], 'bus_to_mem_connection': [-1, 1, 0], 'task_to_pe_mapping': [0, 0, 1, 1, 1, 1, 1, 0], 'task_to_mem_mapping': [0, 1, 0, 0, 1, 1, 0, 0]}",99.9093246459961,"[3.2964608669281006, 0.043288327753543854, 2.6931168122246163e-06]"
"{'pe_allocation': [0, 0, 0], 'mem_allocation': [0, 2, 0], 'bus_allocation': [2, 1, 2], 'pe_to_bus_connection': [1, 0, 0], 'bus_to_bus_connection': [-1, 0, 0], 'bus_to_mem_connection': [0, 1, -1], 'task_to_pe_mapping': [1, 1, 1, 0, 0, 1, 0, 1], 'task_to_mem_mapping': [1, 1, 1, 0, 0, 0, 1, 1]}",91.45787048339844,"[2.8590080738067627, 0.08186046779155731, 2.730722371779848e-06]"
"{'pe_allocation': [0, 0, 0], 'mem_allocation': [0, 0, 0], 'bus_allocation': [2, 1, 1], 'pe_to_bus_connection': [0, 0, 1], 'bus_to_bus_connection': [1, 0, 1], 'bus_to_mem_connection': [-1, -1, 1], 'task_to_pe_mapping': [0, 1, 0, 1, 0, 1, 1, 1], 'task_to_mem_mapping': [0, 0, 0, 0, 1, 0, 0, 1]}",-10000.0,"[1000.0, 1000.0, 1000.0]"
"{'pe_allocation': [0, 0, 0], 'mem_allocation': [0, 0, 1], 'bus_allocation': [0, 2, 0], 'pe_to_bus_connection': [0, 0, 1], 'bus_to_bus_connection': [-1, -1, -1], 'bus_to_mem_connection': [0, 1, -1], 'task_to_pe_mapping': [0, 1, 0, 0, 1, 0, 0, 0], 'task_to_mem_mapping': [0, 0, 1, 1, 0, 0, 1, 1]}",92.17093658447266,"[2.868838310241699, 0.08556438982486725, 2.375410076638218e-06]"
"{'pe_allocation': [0, 0, 0], 'mem_allocation': [1, 2, 2], 'bus_allocation': [0, 0, 0], 'pe_to_bus_connection': [0, 1, 1], 'bus_to_bus_connection': [-1, -1, 1], 'bus_to_mem_connection': [-1, 0, -1], 'task_to_pe_mapping': [0, 0, 1, 0, 0, 0, 0, 0], 'task_to_mem_mapping': [1, 0, 1, 0, 1, 1, 0, 1]}",-10000.0,"[1000.0, 1000.0, 1000.0]"
"{'pe_allocation': [0, 0, 0], 'mem_allocation': [1, 2, 2], 'bus_allocation': [0, 1, 0], 'pe_to_bus_connection': [0, 1, 1], 'bus_to_bus_connection': [-1, -1, 1], 'bus_to_mem_connection': [0, -1, -1], 'task_to_pe_mapping': [1, 1, 1, 1, 0, 1, 0, 1], 'task_to_mem_mapping': [0, 1, 0, 0, 1, 0, 1, 1]}",-10000.0,"[1000.0, 1000.0, 1000.0]"
"{'pe_allocation': [0, 0, 0], 'mem_allocation': [1, 1, 0], 'bus_allocation': [1, 1, 2], 'pe_to_bus_connection': [0, 1, 0], 'bus_to_bus_connection': [1, -1, -1], 'bus_to_mem_connection': [1, -1, -1], 'task_to_pe_mapping': [1, 0, 1, 1, 1, 0, 1, 0], 'task_to_mem_mapping': [1, 0, 1, 1, 1, 0, 0, 0]}",99.83061218261719,"[3.294826030731201, 0.04302071034908295, 2.375410076638218e-06]"
"{'pe_allocation': [0, 0, 0], 'mem_allocation': [2, 2, 0], 'bus_allocation': [2, 1, 2], 'pe_to_bus_connection': [0, 0, 1], 'bus_to_bus_connection': [1, -1, 1], 'bus_to_mem_connection': [-1, 1, -1], 'task_to_pe_mapping': [0, 1, 0, 0, 1, 0, 1, 1], 'task_to_mem_mapping': [1, 1, 0, 0, 1, 0, 1, 1]}",92.12285614013672,"[2.8672034740448, 0.08556438982486725, 2.375410076638218e-06]"
"{'pe_allocation': [0, 0, 0], 'mem_allocation': [2, 1, 1], 'bus_allocation': [1, 0, 1], 'pe_to_bus_connection': [0, 1, 1], 'bus_to_bus_connection': [-1, -1, 1], 'bus_to_mem_connection': [-1, 1, 0], 'task_to_pe_mapping': [0, 0, 0, 0, 0, 0, 0, 0], 'task_to_mem_mapping': [0, 0, 0, 0, 1, 0, 1, 1]}",-10000.0,"[1000.0, 1000.0, 1000.0]"
"{'pe_allocation': [0, 0, 0], 'mem_allocation': [2, 1, 1], 'bus_allocation': [2, 1, 1], 'pe_to_bus_connection': [1, 0, 0], 'bus_to_bus_connection': [-1, -1, 1], 'bus_to_mem_connection': [-1, 1, -1], 'task_to_pe_mapping': [0, 0, 1, 0, 1, 1, 1, 0], 'task_to_mem_mapping': [1, 0, 0, 1, 1, 0, 1, 0]}",-10000.0,"[1000.0, 1000.0, 1000.0]"
"{'pe_allocation': [0, 0, 0], 'mem_allocation': [1, 1, 1], 'bus_allocation': [1, 2, 0], 'pe_to_bus_connection': [1, 1, 0], 'bus_to_bus_connection': [-1, -1, -1], 'bus_to_mem_connection': [0, -1, 1], 'task_to_pe_mapping': [1, 1, 1, 0, 0, 0, 0, 0], 'task_to_mem_mapping': [1, 0, 0, 0, 1, 1, 1, 1]}",-10000.0,"[1000.0, 1000.0, 1000.0]"
"{'pe_allocation': [0, 0, 0], 'mem_allocation': [2, 0, 1], 'bus_allocation': [0, 2, 0], 'pe_to_bus_connection': [1, 1, 1], 'bus_to_bus_connection': [1, 0, -1], 'bus_to_mem_connection': [0, 1, -1], 'task_to_pe_mapping': [1, 0, 1, 1, 0, 1, 0, 1], 'task_to_mem_mapping': [0, 1, 1, 0, 1, 1, 0, 1]}",92.28253936767578,"[2.868838310241699, 0.08653942495584488, 2.7614601094683167e-06]"
"{'pe_allocation': [0, 0, 0], 'mem_allocation': [0, 2, 2], 'bus_allocation': [2, 1, 2], 'pe_to_bus_connection': [0, 1, 1], 'bus_to_bus_connection': [1, -1, 0], 'bus_to_mem_connection': [1, -1, 0], 'task_to_pe_mapping': [0, 1, 0, 1, 0, 0, 0, 1], 'task_to_mem_mapping': [0, 0, 1, 0, 1, 1, 1, 1]}",92.0342025756836,"[2.8668344020843506, 0.08488471806049347, 2.730722371779848e-06]"
"{'pe_allocation': [0, 0, 0], 'mem_allocation': [1, 2, 0], 'bus_allocation': [2, 0, 2], 'pe_to_bus_connection': [1, 1, 1], 'bus_to_bus_connection': [-1, -1, 1], 'bus_to_mem_connection': [-1, -1, 0], 'task_to_pe_mapping': [0, 0, 1, 1, 0, 0, 1, 0], 'task_to_mem_mapping': [1, 1, 0, 0, 0, 0, 0, 0]}",-10000.0,"[1000.0, 1000.0, 1000.0]"
"{'pe_allocation': [0, 0, 0], 'mem_allocation': [1, 2, 2], 'bus_allocation': [2, 2, 1], 'pe_to_bus_connection': [0, 1, 1], 'bus_to_bus_connection': [1, 0, 1], 'bus_to_mem_connection': [1, -1, 0], 'task_to_pe_mapping': [0, 1, 1, 1, 0, 1, 0, 0], 'task_to_mem_mapping': [0, 1, 1, 1, 0, 1, 0, 0]}",92.21488952636719,"[2.8672034740448, 0.08636847883462906, 2.6931168122246163e-06]"
"{'pe_allocation': [0, 0, 0], 'mem_allocation': [2, 1, 2], 'bus_allocation': [1, 2, 2], 'pe_to_bus_connection': [0, 1, 1], 'bus_to_bus_connection': [1, -1, 1], 'bus_to_mem_connection': [-1, -1, 1], 'task_to_pe_mapping': [0, 0, 1, 1, 0, 0, 0, 0], 'task_to_mem_mapping': [1, 0, 1, 0, 0, 0, 0, 1]}",92.21488952636719,"[2.8672034740448, 0.08636847883462906, 2.6931168122246163e-06]"
"{'pe_allocation': [0, 0, 0], 'mem_allocation': [1, 1, 0], 'bus_allocation': [2, 2, 2], 'pe_to_bus_connection': [1, 0, 0], 'bus_to_bus_connection': [-1, -1, -1], 'bus_to_mem_connection': [0, 1, -1], 'task_to_pe_mapping': [0, 1, 0, 1, 1, 0, 1, 1], 'task_to_mem_mapping': [0, 1, 0, 1, 1, 0, 0, 1]}",-10000.0,"[1000.0, 1000.0, 1000.0]"
"{'pe_allocation': [0, 0, 0], 'mem_allocation': [1, 2, 1], 'bus_allocation': [2, 0, 1], 'pe_to_bus_connection': [0, 0, 1], 'bus_to_bus_connection': [-1, -1, 0], 'bus_to_mem_connection': [1, -1, -1], 'task_to_pe_mapping': [0, 1, 1, 0, 0, 1, 1, 0], 'task_to_mem_mapping': [0, 1, 1, 0, 1, 1, 1, 1]}",92.21488952636719,"[2.8672034740448, 0.08636847883462906, 2.6931168122246163e-06]"
"{'pe_allocation': [0, 0, 0], 'mem_allocation': [1, 1, 2], 'bus_allocation': [0, 2, 2], 'pe_to_bus_connection': [1, 1, 0], 'bus_to_bus_connection': [1, 0, -1], 'bus_to_mem_connection': [-1, 0, -1], 'task_to_pe_mapping': [0, 0, 0, 0, 1, 0, 1, 1], 'task_to_mem_mapping': [0, 1, 1, 1, 0, 0, 0, 1]}",92.21488952636719,"[2.8672034740448, 0.08636847883462906, 2.6931168122246163e-06]"
"{'pe_allocation': [0, 0, 0], 'mem_allocation': [2, 1, 1], 'bus_allocation': [0, 0, 2], 'pe_to_bus_connection': [0, 0, 0], 'bus_to_bus_connection': [1, -1, -1], 'bus_to_mem_connection': [-1, -1, 1], 'task_to_pe_mapping': [1, 1, 1, 1, 0, 1, 0, 0], 'task_to_mem_mapping': [1, 0, 1, 0, 1, 0, 0, 0]}",-10000.0,"[1000.0, 1000.0, 1000.0]"
"{'pe_allocation': [0, 0, 0], 'mem_allocation': [1, 2, 1], 'bus_allocation': [2, 0, 0], 'pe_to_bus_connection': [1, 1, 0], 'bus_to_bus_connection': [-1, -1, 0], 'bus_to_mem_connection': [0, -1, 1], 'task_to_pe_mapping': [1, 0, 1, 0, 0, 1, 1, 1], 'task_to_mem_mapping': [1, 1, 0, 1, 1, 1, 1, 1]}",-10000.0,"[1000.0, 1000.0, 1000.0]"
"{'pe_allocation': [0, 0, 0], 'mem_allocation': [0, 1, 0], 'bus_allocation': [1, 0, 1], 'pe_to_bus_connection': [0, 0, 1], 'bus_to_bus_connection': [-1, 0, 0], 'bus_to_mem_connection': [1, -1, -1], 'task_to_pe_mapping': [1, 0, 1, 0, 0, 0, 0, 1], 'task_to_mem_mapping': [1, 1, 1, 1, 0, 1, 1, 0]}",88.43843078613281,"[2.8737571239471436, 0.051689524203538895, 2.4572539132350357e-06]"
"{'pe_allocation': [0, 0, 0], 'mem_allocation': [2, 2, 0], 'bus_allocation': [0, 1, 0], 'pe_to_bus_connection': [0, 1, 1], 'bus_to_bus_connection': [-1, -1, 0], 'bus_to_mem_connection': [-1, 1, 0], 'task_to_pe_mapping': [0, 1, 0, 0, 0, 1, 0, 0], 'task_to_mem_mapping': [0, 0, 1, 1, 1, 0, 1, 1]}",-10000.0,"[1000.0, 1000.0, 1000.0]"
"{'pe_allocation': [0, 0, 0], 'mem_allocation': [1, 1, 2], 'bus_allocation': [0, 1, 1], 'pe_to_bus_connection': [0, 1, 1], 'bus_to_bus_connection': [-1, 0, 0], 'bus_to_mem_connection': [-1, 0, -1], 'task_to_pe_mapping': [0, 0, 0, 1, 0, 0, 0, 0], 'task_to_mem_mapping': [0, 0, 0, 0, 1, 1, 0, 1]}",91.841796875,"[2.8573732376098633, 0.08563490957021713, 2.4572539132350357e-06]"
"{'pe_allocation': [0, 0, 0], 'mem_allocation': [2, 1, 0], 'bus_allocation': [1, 0, 0], 'pe_to_bus_connection': [0, 1, 1], 'bus_to_bus_connection': [-1, -1, -1], 'bus_to_mem_connection': [0, -1, -1], 'task_to_pe_mapping': [1, 1, 0, 1, 0, 0, 0, 0], 'task_to_mem_mapping': [0, 1, 0, 0, 0, 0, 1, 0]}",-10000.0,"[1000.0, 1000.0, 1000.0]"
"{'pe_allocation': [0, 0, 0], 'mem_allocation': [0, 2, 1], 'bus_allocation': [2, 2, 2], 'pe_to_bus_connection': [1, 1, 1], 'bus_to_bus_connection': [-1, -1, -1], 'bus_to_mem_connection': [0, 1, -1], 'task_to_pe_mapping': [0, 1, 1, 0, 0, 0, 1, 1], 'task_to_mem_mapping': [1, 1, 0, 0, 0, 0, 1, 1]}",88.4328384399414,"[2.8737571239471436, 0.05164061486721039, 2.030730001933989e-06]"
"{'pe_allocation': [0, 0, 0], 'mem_allocation': [0, 1, 2], 'bus_allocation': [2, 1, 2], 'pe_to_bus_connection': [0, 1, 1], 'bus_to_bus_connection': [-1, 0, -1], 'bus_to_mem_connection': [0, -1, 1], 'task_to_pe_mapping': [0, 1, 0, 0, 1, 1, 0, 1], 'task_to_mem_mapping': [1, 0, 1, 1, 1, 1, 1, 1]}",-10000.0,"[1000.0, 1000.0, 1000.0]"
"{'pe_allocation': [0, 0, 0], 'mem_allocation': [2, 2, 0], 'bus_allocation': [0, 2, 1], 'pe_to_bus_connection': [0, 0, 0], 'bus_to_bus_connection': [1, -1, -1], 'bus_to_mem_connection': [0, -1, 1], 'task_to_pe_mapping': [0, 1, 0, 1, 1, 0, 1, 0], 'task_to_mem_mapping': [0, 0, 0, 1, 1, 0, 1, 0]}",91.82707977294922,"[2.8590080738067627, 0.08508621901273727, 2.375410076638218e-06]"
"{'pe_allocation': [0, 0, 0], 'mem_allocation': [0, 1, 1], 'bus_allocation': [2, 2, 0], 'pe_to_bus_connection': [0, 1, 0], 'bus_to_bus_connection': [-1, -1, 1], 'bus_to_mem_connection': [1, 0, -1], 'task_to_pe_mapping': [1, 1, 0, 1, 1, 1, 1, 1], 'task_to_mem_mapping': [0, 0, 1, 0, 0, 0, 1, 0]}",-10000.0,"[1000.0, 1000.0, 1000.0]"
"{'pe_allocation': [0, 0, 0], 'mem_allocation': [0, 0, 0], 'bus_allocation': [2, 2, 0], 'pe_to_bus_connection': [1, 0, 0], 'bus_to_bus_connection': [1, -1, -1], 'bus_to_mem_connection': [0, -1, -1], 'task_to_pe_mapping': [0, 1, 0, 1, 1, 1, 0, 1], 'task_to_mem_mapping': [1, 1, 0, 0, 0, 1, 1, 0]}",-10000.0,"[1000.0, 1000.0, 1000.0]"
"{'pe_allocation': [0, 0, 0], 'mem_allocation': [2, 2, 2], 'bus_allocation': [2, 0, 1], 'pe_to_bus_connection': [1, 1, 0], 'bus_to_bus_connection': [-1, 0, 0], 'bus_to_mem_connection': [-1, 0, -1], 'task_to_pe_mapping': [1, 0, 1, 0, 0, 0, 0, 1], 'task_to_mem_mapping': [1, 0, 1, 0, 1, 0, 0, 0]}",91.82707977294922,"[2.8590080738067627, 0.08508621901273727, 2.375410076638218e-06]"
"{'pe_allocation': [0, 0, 0], 'mem_allocation': [2, 2, 2], 'bus_allocation': [0, 2, 1], 'pe_to_bus_connection': [1, 0, 1], 'bus_to_bus_connection': [-1, 0, 1], 'bus_to_mem_connection': [-1, 0, -1], 'task_to_pe_mapping': [0, 1, 0, 1, 1, 1, 1, 1], 'task_to_mem_mapping': [0, 1, 0, 0, 1, 0, 1, 1]}",88.41465759277344,"[2.8737571239471436, 0.051481787115335464, 2.030730001933989e-06]"
"{'pe_allocation': [0, 0, 0], 'mem_allocation': [0, 1, 0], 'bus_allocation': [1, 1, 2], 'pe_to_bus_connection': [0, 1, 0], 'bus_to_bus_connection': [-1, 0, -1], 'bus_to_mem_connection': [1, 0, -1], 'task_to_pe_mapping': [0, 1, 1, 1, 0, 1, 1, 1], 'task_to_mem_mapping': [0, 0, 0, 0, 1, 0, 0, 1]}",92.17761993408203,"[2.8672034740448, 0.08604289591312408, 2.736339183684322e-06]"
"{'pe_allocation': [0, 0, 0], 'mem_allocation': [0, 2, 2], 'bus_allocation': [2, 1, 0], 'pe_to_bus_connection': [0, 1, 0], 'bus_to_bus_connection': [-1, -1, 1], 'bus_to_mem_connection': [-1, 1, -1], 'task_to_pe_mapping': [0, 0, 0, 0, 0, 0, 0, 0], 'task_to_mem_mapping': [0, 0, 1, 1, 0, 1, 1, 1]}",-10000.0,"[1000.0, 1000.0, 1000.0]"
"{'pe_allocation': [0, 0, 0], 'mem_allocation': [0, 2, 1], 'bus_allocation': [0, 0, 2], 'pe_to_bus_connection': [0, 1, 0], 'bus_to_bus_connection': [1, 0, 1], 'bus_to_mem_connection': [0, 1, -1], 'task_to_pe_mapping': [0, 0, 1, 1, 1, 1, 0, 0], 'task_to_mem_mapping': [0, 0, 1, 0, 1, 1, 0, 0]}",99.91001892089844,"[3.2964608669281006, 0.043294381350278854, 2.730722371779848e-06]"
"{'pe_allocation': [0, 0, 0], 'mem_allocation': [0, 2, 2], 'bus_allocation': [2, 1, 2], 'pe_to_bus_connection': [1, 0, 0], 'bus_to_bus_connection': [-1, -1, -1], 'bus_to_mem_connection': [-1, 0, 1], 'task_to_pe_mapping': [1, 0, 1, 1, 0, 1, 0, 1], 'task_to_mem_mapping': [0, 0, 0, 1, 1, 1, 1, 1]}",-10000.0,"[1000.0, 1000.0, 1000.0]"
"{'pe_allocation': [0, 0, 0], 'mem_allocation': [2, 2, 2], 'bus_allocation': [1, 1, 1], 'pe_to_bus_connection': [0, 0, 0], 'bus_to_bus_connection': [1, 0, 1], 'bus_to_mem_connection': [1, 0, -1], 'task_to_pe_mapping': [0, 1, 0, 0, 1, 0, 1, 1], 'task_to_mem_mapping': [1, 0, 1, 0, 1, 1, 1, 0]}",92.21517944335938,"[2.8672034740448, 0.086371049284935, 2.6931168122246163e-06]"
"{'pe_allocation': [0, 0, 0], 'mem_allocation': [0, 2, 0], 'bus_allocation': [2, 2, 1], 'pe_to_bus_connection': [1, 1, 1], 'bus_to_bus_connection': [-1, 0, 0], 'bus_to_mem_connection': [-1, 0, -1], 'task_to_pe_mapping': [0, 0, 1, 0, 1, 0, 1, 1], 'task_to_mem_mapping': [1, 0, 0, 1, 1, 0, 1, 1]}",92.21517944335938,"[2.8672034740448, 0.086371049284935, 2.6931168122246163e-06]"
"{'pe_allocation': [0, 0, 0], 'mem_allocation': [2, 0, 0], 'bus_allocation': [0, 1, 2], 'pe_to_bus_connection': [1, 0, 1], 'bus_to_bus_connection': [-1, 0, -1], 'bus_to_mem_connection': [-1, 0, -1], 'task_to_pe_mapping': [1, 1, 1, 1, 1, 1, 0, 0], 'task_to_mem_mapping': [0, 1, 1, 0, 0, 1, 0, 1]}",92.21517944335938,"[2.8672034740448, 0.086371049284935, 2.6931168122246163e-06]"
"{'pe_allocation': [0, 0, 0], 'mem_allocation': [1, 2, 0], 'bus_allocation': [0, 1, 0], 'pe_to_bus_connection': [1, 1, 1], 'bus_to_bus_connection': [1, -1, 1], 'bus_to_mem_connection': [0, -1, 1], 'task_to_pe_mapping': [1, 1, 1, 1, 0, 0, 1, 1], 'task_to_mem_mapping': [0, 0, 1, 1, 1, 1, 1, 1]}",92.18476104736328,"[2.8668344020843506, 0.08620013296604156, 2.6931168122246163e-06]"
"{'pe_allocation': [0, 0, 0], 'mem_allocation': [1, 2, 1], 'bus_allocation': [0, 0, 0], 'pe_to_bus_connection': [1, 1, 0], 'bus_to_bus_connection': [1, -1, 0], 'bus_to_mem_connection': [1, -1, 0], 'task_to_pe_mapping': [0, 1, 0, 1, 0, 1, 0, 1], 'task_to_mem_mapping': [0, 0, 1, 0, 0, 0, 1, 0]}",89.78793334960938,"[2.868838310241699, 0.06474411487579346, 2.736339183684322e-06]"
"{'pe_allocation': [0, 0, 0], 'mem_allocation': [0, 0, 1], 'bus_allocation': [2, 1, 0], 'pe_to_bus_connection': [0, 1, 0], 'bus_to_bus_connection': [-1, -1, 1], 'bus_to_mem_connection': [-1, 1, -1], 'task_to_pe_mapping': [1, 0, 1, 0, 1, 1, 1, 1], 'task_to_mem_mapping': [1, 0, 1, 1, 1, 1, 0, 0]}",-10000.0,"[1000.0, 1000.0, 1000.0]"
"{'pe_allocation': [0, 0, 0], 'mem_allocation': [0, 0, 2], 'bus_allocation': [0, 2, 2], 'pe_to_bus_connection': [0, 0, 0], 'bus_to_bus_connection': [-1, -1, 1], 'bus_to_mem_connection': [0, -1, -1], 'task_to_pe_mapping': [0, 1, 0, 1, 1, 0, 1, 1], 'task_to_mem_mapping': [1, 1, 1, 1, 0, 1, 1, 0]}",89.78793334960938,"[2.868838310241699, 0.06474411487579346, 2.736339183684322e-06]"
"{'pe_allocation': [0, 0, 0], 'mem_allocation': [2, 1, 1], 'bus_allocation': [2, 1, 1], 'pe_to_bus_connection': [0, 0, 0], 'bus_to_bus_connection': [1, -1, 0], 'bus_to_mem_connection': [-1, 1, 0], 'task_to_pe_mapping': [0, 1, 1, 1, 0, 0, 1, 1], 'task_to_mem_mapping': [0, 0, 1, 0, 0, 0, 0, 0]}",91.76231384277344,"[2.852454423904419, 0.08620443195104599, 2.736339183684322e-06]"
"{'pe_allocation': [0, 0, 0], 'mem_allocation': [1, 1, 0], 'bus_allocation': [0, 1, 2], 'pe_to_bus_connection': [1, 0, 1], 'bus_to_bus_connection': [1, -1, -1], 'bus_to_mem_connection': [-1, 0, -1], 'task_to_pe_mapping': [1, 1, 1, 0, 1, 0, 1, 0], 'task_to_mem_mapping': [0, 1, 0, 0, 0, 0, 1, 1]}",91.76231384277344,"[2.852454423904419, 0.08620443195104599, 2.736339183684322e-06]"
"{'pe_allocation': [0, 0, 0], 'mem_allocation': [0, 0, 2], 'bus_allocation': [1, 1, 2], 'pe_to_bus_connection': [1, 1, 0], 'bus_to_bus_connection': [-1, 0, 0], 'bus_to_mem_connection': [0, -1, 1], 'task_to_pe_mapping': [1, 1, 1, 0, 0, 1, 1, 1], 'task_to_mem_mapping': [0, 1, 0, 1, 1, 1, 0, 1]}",91.46619415283203,"[2.8590080738067627, 0.0819331705570221, 2.6931168122246163e-06]"
"{'pe_allocation': [0, 0, 0], 'mem_allocation': [0, 2, 2], 'bus_allocation': [0, 1, 0], 'pe_to_bus_connection': [1, 1, 0], 'bus_to_bus_connection': [1, 0, -1], 'bus_to_mem_connection': [1, -1, 0], 'task_to_pe_mapping': [1, 1, 0, 1, 1, 0, 1, 1], 'task_to_mem_mapping': [1, 0, 0, 0, 1, 1, 1, 1]}",91.46619415283203,"[2.8590080738067627, 0.0819331705570221, 2.6931168122246163e-06]"
"{'pe_allocation': [0, 0, 0], 'mem_allocation': [0, 1, 1], 'bus_allocation': [1, 2, 1], 'pe_to_bus_connection': [0, 1, 0], 'bus_to_bus_connection': [-1, -1, -1], 'bus_to_mem_connection': [-1, -1, 0], 'task_to_pe_mapping': [1, 0, 1, 0, 0, 1, 1, 0], 'task_to_mem_mapping': [0, 0, 1, 1, 1, 0, 1, 1]}",-10000.0,"[1000.0, 1000.0, 1000.0]"
"{'pe_allocation': [0, 0, 0], 'mem_allocation': [0, 1, 2], 'bus_allocation': [1, 1, 2], 'pe_to_bus_connection': [1, 1, 1], 'bus_to_bus_connection': [1, -1, 1], 'bus_to_mem_connection': [-1, -1, 1], 'task_to_pe_mapping': [0, 0, 1, 0, 1, 1, 0, 0], 'task_to_mem_mapping': [0, 1, 1, 1, 1, 1, 0, 1]}",-10000.0,"[1000.0, 1000.0, 1000.0]"
"{'pe_allocation': [0, 0, 0], 'mem_allocation': [2, 0, 0], 'bus_allocation': [0, 1, 0], 'pe_to_bus_connection': [1, 0, 0], 'bus_to_bus_connection': [-1, -1, 1], 'bus_to_mem_connection': [1, 0, -1], 'task_to_pe_mapping': [1, 0, 0, 0, 0, 1, 0, 1], 'task_to_mem_mapping': [1, 1, 1, 1, 1, 0, 1, 1]}",-10000.0,"[1000.0, 1000.0, 1000.0]"
"{'pe_allocation': [0, 0, 0], 'mem_allocation': [0, 2, 0], 'bus_allocation': [1, 1, 0], 'pe_to_bus_connection': [1, 1, 0], 'bus_to_bus_connection': [-1, -1, 1], 'bus_to_mem_connection': [-1, 0, 1], 'task_to_pe_mapping': [1, 0, 1, 1, 0, 0, 0, 0], 'task_to_mem_mapping': [0, 0, 0, 1, 1, 1, 1, 0]}",91.80171203613281,"[2.852454423904419, 0.08654870092868805, 2.730722371779848e-06]"
"{'pe_allocation': [0, 0, 0], 'mem_allocation': [2, 0, 2], 'bus_allocation': [0, 2, 1], 'pe_to_bus_connection': [1, 1, 1], 'bus_to_bus_connection': [-1, 0, -1], 'bus_to_mem_connection': [-1, -1, 1], 'task_to_pe_mapping': [0, 0, 0, 1, 1, 0, 1, 1], 'task_to_mem_mapping': [0, 1, 1, 1, 0, 1, 0, 1]}",-10000.0,"[1000.0, 1000.0, 1000.0]"
"{'pe_allocation': [0, 0, 0], 'mem_allocation': [2, 1, 0], 'bus_allocation': [2, 1, 0], 'pe_to_bus_connection': [1, 1, 1], 'bus_to_bus_connection': [-1, -1, 0], 'bus_to_mem_connection': [0, -1, -1], 'task_to_pe_mapping': [0, 1, 0, 1, 1, 0, 0, 0], 'task_to_mem_mapping': [1, 0, 0, 1, 1, 1, 0, 1]}",-10000.0,"[1000.0, 1000.0, 1000.0]"
"{'pe_allocation': [0, 0, 0], 'mem_allocation': [1, 1, 0], 'bus_allocation': [1, 2, 0], 'pe_to_bus_connection': [0, 0, 1], 'bus_to_bus_connection': [1, 0, -1], 'bus_to_mem_connection': [-1, 0, 1], 'task_to_pe_mapping': [0, 1, 1, 1, 1, 1, 1, 1], 'task_to_mem_mapping': [0, 1, 1, 1, 1, 1, 0, 0]}",99.84469604492188,"[3.294826030731201, 0.04314374923706055, 1.3123868711772957e-06]"
"{'pe_allocation': [0, 0, 0], 'mem_allocation': [2, 2, 2], 'bus_allocation': [1, 1, 1], 'pe_to_bus_connection': [1, 0, 1], 'bus_to_bus_connection': [1, 0, -1], 'bus_to_mem_connection': [-1, 1, 0], 'task_to_pe_mapping': [1, 0, 0, 0, 1, 1, 0, 0], 'task_to_mem_mapping': [1, 0, 0, 0, 1, 1, 0, 0]}",91.69632720947266,"[2.852454423904419, 0.08562792837619781, 1.962386932063964e-06]"
"{'pe_allocation': [0, 0, 0], 'mem_allocation': [2, 0, 0], 'bus_allocation': [2, 2, 2], 'pe_to_bus_connection': [0, 0, 1], 'bus_to_bus_connection': [1, -1, 1], 'bus_to_mem_connection': [0, 1, -1], 'task_to_pe_mapping': [0, 1, 0, 1, 0, 1, 0, 0], 'task_to_mem_mapping': [0, 0, 0, 0, 1, 0, 0, 0]}",89.78836822509766,"[2.868838310241699, 0.0647478699684143, 2.736339183684322e-06]"
"{'pe_allocation': [0, 0, 0], 'mem_allocation': [2, 0, 2], 'bus_allocation': [0, 2, 0], 'pe_to_bus_connection': [0, 0, 1], 'bus_to_bus_connection': [-1, 0, 0], 'bus_to_mem_connection': [1, -1, 0], 'task_to_pe_mapping': [1, 0, 1, 0, 0, 1, 1, 0], 'task_to_mem_mapping': [0, 1, 1, 0, 0, 0, 1, 0]}",91.46619415283203,"[2.8590080738067627, 0.0819331705570221, 2.6931168122246163e-06]"
"{'pe_allocation': [0, 0, 0], 'mem_allocation': [0, 0, 1], 'bus_allocation': [2, 0, 2], 'pe_to_bus_connection': [0, 0, 1], 'bus_to_bus_connection': [-1, -1, 1], 'bus_to_mem_connection': [1, -1, -1], 'task_to_pe_mapping': [0, 1, 1, 0, 0, 1, 0, 1], 'task_to_mem_mapping': [0, 1, 0, 0, 1, 1, 0, 1]}",91.46619415283203,"[2.8590080738067627, 0.0819331705570221, 2.6931168122246163e-06]"
"{'pe_allocation': [0, 0, 0], 'mem_allocation': [0, 1, 2], 'bus_allocation': [2, 1, 1], 'pe_to_bus_connection': [1, 0, 1], 'bus_to_bus_connection': [1, 0, 1], 'bus_to_mem_connection': [1, 0, -1], 'task_to_pe_mapping': [1, 1, 1, 0, 0, 1, 1, 1], 'task_to_mem_mapping': [0, 1, 1, 1, 1, 1, 0, 0]}",88.43601989746094,"[2.8735110759735107, 0.051731694489717484, 3.0351229725056328e-06]"
"{'pe_allocation': [0, 0, 0], 'mem_allocation': [2, 1, 0], 'bus_allocation': [1, 1, 2], 'pe_to_bus_connection': [0, 0, 0], 'bus_to_bus_connection': [-1, -1, 0], 'bus_to_mem_connection': [0, -1, 1], 'task_to_pe_mapping': [0, 1, 1, 0, 1, 1, 0, 1], 'task_to_mem_mapping': [1, 0, 0, 1, 1, 0, 1, 0]}",91.90872955322266,"[2.8573732376098633, 0.08621972799301147, 2.6931168122246163e-06]"
"{'pe_allocation': [0, 0, 0], 'mem_allocation': [2, 0, 0], 'bus_allocation': [0, 2, 2], 'pe_to_bus_connection': [1, 0, 0], 'bus_to_bus_connection': [-1, 0, 1], 'bus_to_mem_connection': [-1, -1, 0], 'task_to_pe_mapping': [0, 0, 0, 1, 0, 1, 0, 1], 'task_to_mem_mapping': [1, 0, 1, 0, 0, 1, 0, 1]}",-10000.0,"[1000.0, 1000.0, 1000.0]"
"{'pe_allocation': [0, 0, 0], 'mem_allocation': [0, 2, 2], 'bus_allocation': [2, 2, 2], 'pe_to_bus_connection': [0, 1, 0], 'bus_to_bus_connection': [1, 0, 1], 'bus_to_mem_connection': [-1, -1, 0], 'task_to_pe_mapping': [0, 1, 0, 0, 1, 0, 1, 1], 'task_to_mem_mapping': [0, 1, 1, 0, 1, 0, 1, 1]}",92.12869262695312,"[2.8672034740448, 0.08561540395021439, 1.962386932063964e-06]"
"{'pe_allocation': [0, 0, 0], 'mem_allocation': [1, 2, 1], 'bus_allocation': [0, 1, 0], 'pe_to_bus_connection': [1, 1, 0], 'bus_to_bus_connection': [-1, -1, 1], 'bus_to_mem_connection': [-1, 0, 1], 'task_to_pe_mapping': [1, 1, 1, 1, 1, 1, 1, 1], 'task_to_mem_mapping': [0, 1, 1, 0, 0, 0, 0, 0]}",99.86972045898438,"[3.294826030731201, 0.04336238279938698, 2.0431168650247855e-06]"
"{'pe_allocation': [0, 0, 0], 'mem_allocation': [1, 1, 2], 'bus_allocation': [0, 1, 1], 'pe_to_bus_connection': [1, 1, 1], 'bus_to_bus_connection': [1, -1, 1], 'bus_to_mem_connection': [0, 1, -1], 'task_to_pe_mapping': [1, 0, 0, 1, 1, 1, 0, 1], 'task_to_mem_mapping': [0, 1, 1, 0, 1, 1, 0, 1]}",88.467529296875,"[2.8737571239471436, 0.05194374546408653, 2.7614601094683167e-06]"
"{'pe_allocation': [0, 0, 0], 'mem_allocation': [0, 2, 1], 'bus_allocation': [0, 0, 0], 'pe_to_bus_connection': [0, 1, 0], 'bus_to_bus_connection': [1, 0, 1], 'bus_to_mem_connection': [-1, 0, 1], 'task_to_pe_mapping': [1, 0, 0, 0, 0, 0, 0, 1], 'task_to_mem_mapping': [0, 1, 1, 0, 0, 1, 0, 1]}",99.90800476074219,"[3.2964608669281006, 0.04327679052948952, 2.0431168650247855e-06]"
"{'pe_allocation': [0, 0, 0], 'mem_allocation': [0, 1, 2], 'bus_allocation': [2, 1, 0], 'pe_to_bus_connection': [1, 1, 0], 'bus_to_bus_connection': [1, -1, 1], 'bus_to_mem_connection': [0, 1, -1], 'task_to_pe_mapping': [0, 1, 0, 1, 0, 0, 1, 1], 'task_to_mem_mapping': [0, 0, 1, 1, 1, 0, 1, 1]}",92.0259780883789,"[2.866957426071167, 0.08478119224309921, 2.6931168122246163e-06]"
"{'pe_allocation': [0, 0, 0], 'mem_allocation': [0, 2, 0], 'bus_allocation': [0, 2, 0], 'pe_to_bus_connection': [0, 0, 1], 'bus_to_bus_connection': [1, 0, 1], 'bus_to_mem_connection': [-1, -1, 0], 'task_to_pe_mapping': [0, 1, 1, 1, 1, 1, 0, 1], 'task_to_mem_mapping': [1, 0, 1, 0, 1, 0, 0, 0]}",-10000.0,"[1000.0, 1000.0, 1000.0]"
"{'pe_allocation': [0, 0, 0], 'mem_allocation': [2, 2, 0], 'bus_allocation': [2, 2, 0], 'pe_to_bus_connection': [0, 1, 0], 'bus_to_bus_connection': [-1, 0, -1], 'bus_to_mem_connection': [1, -1, 0], 'task_to_pe_mapping': [1, 1, 1, 1, 0, 1, 0, 0], 'task_to_mem_mapping': [0, 0, 0, 0, 1, 1, 1, 0]}",-10000.0,"[1000.0, 1000.0, 1000.0]"
"{'pe_allocation': [0, 0, 0], 'mem_allocation': [1, 1, 1], 'bus_allocation': [0, 1, 0], 'pe_to_bus_connection': [1, 1, 1], 'bus_to_bus_connection': [1, 0, 1], 'bus_to_mem_connection': [1, -1, 0], 'task_to_pe_mapping': [1, 0, 1, 1, 1, 1, 0, 0], 'task_to_mem_mapping': [0, 0, 1, 1, 1, 1, 0, 0]}",99.8694076538086,"[3.294826030731201, 0.04335961863398552, 2.6931168122246163e-06]"
"{'pe_allocation': [0, 0, 0], 'mem_allocation': [2, 2, 0], 'bus_allocation': [2, 2, 1], 'pe_to_bus_connection': [1, 1, 1], 'bus_to_bus_connection': [-1, -1, -1], 'bus_to_mem_connection': [-1, 0, -1], 'task_to_pe_mapping': [1, 1, 1, 1, 1, 1, 1, 0], 'task_to_mem_mapping': [0, 0, 1, 0, 1, 0, 1, 0]}",99.8694076538086,"[3.294826030731201, 0.04335961863398552, 2.6931168122246163e-06]"
"{'pe_allocation': [0, 0, 0], 'mem_allocation': [2, 2, 2], 'bus_allocation': [2, 1, 2], 'pe_to_bus_connection': [1, 0, 0], 'bus_to_bus_connection': [1, -1, 1], 'bus_to_mem_connection': [-1, 1, -1], 'task_to_pe_mapping': [0, 0, 0, 1, 0, 1, 1, 1], 'task_to_mem_mapping': [0, 1, 0, 0, 1, 1, 0, 1]}",-10000.0,"[1000.0, 1000.0, 1000.0]"
"{'pe_allocation': [0, 0, 0], 'mem_allocation': [2, 0, 2], 'bus_allocation': [1, 2, 0], 'pe_to_bus_connection': [0, 0, 0], 'bus_to_bus_connection': [-1, -1, 0], 'bus_to_mem_connection': [-1, 0, -1], 'task_to_pe_mapping': [0, 0, 0, 1, 1, 0, 0, 0], 'task_to_mem_mapping': [1, 0, 1, 0, 1, 1, 1, 0]}",-10000.0,"[1000.0, 1000.0, 1000.0]"
"{'pe_allocation': [0, 0, 0], 'mem_allocation': [0, 0, 1], 'bus_allocation': [1, 2, 0], 'pe_to_bus_connection': [1, 1, 0], 'bus_to_bus_connection': [-1, 0, -1], 'bus_to_mem_connection': [-1, -1, 1], 'task_to_pe_mapping': [1, 1, 0, 1, 1, 0, 1, 1], 'task_to_mem_mapping': [1, 0, 1, 1, 1, 0, 0, 1]}",-10000.0,"[1000.0, 1000.0, 1000.0]"
"{'pe_allocation': [0, 0, 0], 'mem_allocation': [0, 1, 1], 'bus_allocation': [1, 0, 1], 'pe_to_bus_connection': [1, 0, 0], 'bus_to_bus_connection': [1, -1, 1], 'bus_to_mem_connection': [-1, 1, 0], 'task_to_pe_mapping': [1, 1, 0, 1, 1, 1, 1, 1], 'task_to_mem_mapping': [0, 0, 1, 0, 1, 0, 1, 1]}",88.50387573242188,"[2.875391960144043, 0.051841169595718384, 2.730722371779848e-06]"
"{'pe_allocation': [0, 0, 0], 'mem_allocation': [1, 1, 0], 'bus_allocation': [1, 0, 0], 'pe_to_bus_connection': [0, 0, 0], 'bus_to_bus_connection': [1, 0, 0], 'bus_to_mem_connection': [-1, 1, -1], 'task_to_pe_mapping': [0, 1, 1, 1, 1, 0, 0, 0], 'task_to_mem_mapping': [1, 1, 1, 0, 1, 0, 0, 0]}",99.89022064208984,"[3.2964608669281006, 0.04312141239643097, 2.4572539132350357e-06]"
"{'pe_allocation': [0, 0, 0], 'mem_allocation': [2, 1, 0], 'bus_allocation': [0, 1, 0], 'pe_to_bus_connection': [0, 0, 1], 'bus_to_bus_connection': [1, 0, -1], 'bus_to_mem_connection': [0, -1, -1], 'task_to_pe_mapping': [0, 1, 0, 0, 0, 0, 0, 1], 'task_to_mem_mapping': [0, 1, 0, 0, 1, 1, 0, 1]}",99.8660659790039,"[3.294826030731201, 0.04333043098449707, 2.030730001933989e-06]"
"{'pe_allocation': [0, 0, 0], 'mem_allocation': [2, 2, 0], 'bus_allocation': [0, 0, 0], 'pe_to_bus_connection': [0, 1, 1], 'bus_to_bus_connection': [1, -1, -1], 'bus_to_mem_connection': [-1, 0, 1], 'task_to_pe_mapping': [1, 1, 0, 1, 0, 0, 0, 1], 'task_to_mem_mapping': [0, 0, 1, 1, 0, 0, 1, 0]}",91.38636779785156,"[2.8590080738067627, 0.08123573660850525, 2.375410076638218e-06]"
"{'pe_allocation': [0, 0, 0], 'mem_allocation': [0, 2, 1], 'bus_allocation': [0, 2, 0], 'pe_to_bus_connection': [0, 1, 0], 'bus_to_bus_connection': [-1, 0, 1], 'bus_to_mem_connection': [-1, -1, 0], 'task_to_pe_mapping': [0, 0, 0, 1, 1, 0, 1, 1], 'task_to_mem_mapping': [0, 1, 1, 0, 0, 1, 0, 1]}",91.38636779785156,"[2.8590080738067627, 0.08123573660850525, 2.375410076638218e-06]"
"{'pe_allocation': [0, 0, 0], 'mem_allocation': [1, 2, 1], 'bus_allocation': [2, 1, 2], 'pe_to_bus_connection': [1, 0, 0], 'bus_to_bus_connection': [-1, 0, 1], 'bus_to_mem_connection': [-1, -1, 0], 'task_to_pe_mapping': [0, 1, 1, 1, 1, 0, 0, 1], 'task_to_mem_mapping': [1, 0, 1, 1, 1, 0, 0, 0]}",-10000.0,"[1000.0, 1000.0, 1000.0]"
"{'pe_allocation': [0, 0, 0], 'mem_allocation': [0, 0, 1], 'bus_allocation': [1, 2, 1], 'pe_to_bus_connection': [1, 1, 0], 'bus_to_bus_connection': [1, -1, 0], 'bus_to_mem_connection': [1, -1, 0], 'task_to_pe_mapping': [1, 0, 0, 0, 1, 1, 0, 1], 'task_to_mem_mapping': [0, 1, 0, 1, 0, 1, 0, 0]}",92.2613296508789,"[2.868772506713867, 0.086371049284935, 2.6931168122246163e-06]"
"{'pe_allocation': [0, 0, 0], 'mem_allocation': [1, 1, 0], 'bus_allocation': [2, 1, 0], 'pe_to_bus_connection': [1, 0, 1], 'bus_to_bus_connection': [1, -1, -1], 'bus_to_mem_connection': [1, -1, 0], 'task_to_pe_mapping': [0, 0, 0, 1, 1, 1, 0, 0], 'task_to_mem_mapping': [1, 0, 0, 1, 0, 0, 0, 0]}",92.2613296508789,"[2.868772506713867, 0.086371049284935, 2.6931168122246163e-06]"
"{'pe_allocation': [0, 0, 0], 'mem_allocation': [2, 1, 0], 'bus_allocation': [2, 0, 0], 'pe_to_bus_connection': [1, 1, 1], 'bus_to_bus_connection': [1, 0, -1], 'bus_to_mem_connection': [-1, 0, -1], 'task_to_pe_mapping': [0, 0, 0, 0, 0, 0, 0, 0], 'task_to_mem_mapping': [0, 0, 0, 1, 0, 0, 0, 1]}",99.89022064208984,"[3.2964608669281006, 0.04312141239643097, 1.807253966035205e-06]"
"{'pe_allocation': [0, 0, 0], 'mem_allocation': [2, 2, 2], 'bus_allocation': [2, 1, 0], 'pe_to_bus_connection': [0, 1, 0], 'bus_to_bus_connection': [1, 0, -1], 'bus_to_mem_connection': [1, -1, -1], 'task_to_pe_mapping': [0, 1, 0, 1, 0, 1, 0, 1], 'task_to_mem_mapping': [1, 1, 1, 0, 0, 1, 1, 1]}",89.68120574951172,"[2.8672034740448, 0.06423167139291763, 2.375410076638218e-06]"
"{'pe_allocation': [0, 0, 0], 'mem_allocation': [2, 1, 2], 'bus_allocation': [2, 1, 0], 'pe_to_bus_connection': [1, 0, 1], 'bus_to_bus_connection': [-1, -1, -1], 'bus_to_mem_connection': [-1, -1, 0], 'task_to_pe_mapping': [0, 0, 1, 0, 1, 0, 0, 1], 'task_to_mem_mapping': [1, 1, 1, 0, 1, 0, 0, 0]}",-10000.0,"[1000.0, 1000.0, 1000.0]"
"{'pe_allocation': [0, 0, 0], 'mem_allocation': [0, 1, 2], 'bus_allocation': [2, 0, 1], 'pe_to_bus_connection': [1, 1, 1], 'bus_to_bus_connection': [-1, 0, -1], 'bus_to_mem_connection': [-1, 0, -1], 'task_to_pe_mapping': [0, 0, 1, 0, 0, 1, 1, 0], 'task_to_mem_mapping': [0, 1, 0, 0, 1, 1, 0, 1]}",89.68120574951172,"[2.8672034740448, 0.06423167139291763, 2.375410076638218e-06]"
"{'pe_allocation': [0, 0, 0], 'mem_allocation': [2, 2, 2], 'bus_allocation': [1, 2, 0], 'pe_to_bus_connection': [0, 0, 0], 'bus_to_bus_connection': [-1, 0, 1], 'bus_to_mem_connection': [1, -1, -1], 'task_to_pe_mapping': [1, 0, 0, 0, 0, 0, 0, 0], 'task_to_mem_mapping': [0, 0, 1, 1, 1, 1, 1, 1]}",89.68120574951172,"[2.8672034740448, 0.06423167139291763, 2.375410076638218e-06]"
"{'pe_allocation': [0, 0, 0], 'mem_allocation': [2, 1, 0], 'bus_allocation': [1, 1, 2], 'pe_to_bus_connection': [0, 1, 0], 'bus_to_bus_connection': [1, 0, 0], 'bus_to_mem_connection': [0, -1, -1], 'task_to_pe_mapping': [1, 1, 0, 1, 0, 0, 1, 1], 'task_to_mem_mapping': [1, 1, 0, 1, 1, 0, 1, 0]}",89.68120574951172,"[2.8672034740448, 0.06423167139291763, 2.375410076638218e-06]"
"{'pe_allocation': [0, 0, 0], 'mem_allocation': [1, 1, 2], 'bus_allocation': [2, 0, 2], 'pe_to_bus_connection': [1, 0, 0], 'bus_to_bus_connection': [1, -1, -1], 'bus_to_mem_connection': [-1, 1, -1], 'task_to_pe_mapping': [0, 0, 0, 1, 1, 1, 0, 1], 'task_to_mem_mapping': [1, 1, 0, 1, 0, 1, 1, 1]}",88.4209213256836,"[2.8737571239471436, 0.05153651908040047, 2.375410076638218e-06]"
"{'pe_allocation': [0, 0, 0], 'mem_allocation': [2, 2, 2], 'bus_allocation': [2, 1, 1], 'pe_to_bus_connection': [0, 0, 1], 'bus_to_bus_connection': [-1, -1, 0], 'bus_to_mem_connection': [1, -1, 0], 'task_to_pe_mapping': [1, 0, 0, 1, 1, 1, 0, 1], 'task_to_mem_mapping': [1, 0, 0, 1, 1, 1, 1, 0]}",88.45515441894531,"[2.8737571239471436, 0.051835618913173676, 2.6931168122246163e-06]"
"{'pe_allocation': [0, 0, 0], 'mem_allocation': [1, 2, 1], 'bus_allocation': [2, 2, 1], 'pe_to_bus_connection': [1, 1, 1], 'bus_to_bus_connection': [-1, 0, 0], 'bus_to_mem_connection': [-1, -1, 0], 'task_to_pe_mapping': [0, 1, 1, 0, 1, 0, 0, 1], 'task_to_mem_mapping': [0, 0, 0, 1, 0, 1, 1, 1]}",89.71844482421875,"[2.8672034740448, 0.0645570456981659, 2.4572539132350357e-06]"
"{'pe_allocation': [0, 0, 0], 'mem_allocation': [0, 2, 1], 'bus_allocation': [1, 1, 2], 'pe_to_bus_connection': [0, 0, 0], 'bus_to_bus_connection': [-1, 0, 1], 'bus_to_mem_connection': [1, 0, -1], 'task_to_pe_mapping': [1, 0, 0, 0, 1, 1, 1, 1], 'task_to_mem_mapping': [1, 1, 0, 1, 1, 0, 1, 1]}",91.76231384277344,"[2.852454423904419, 0.08620443195104599, 2.736339183684322e-06]"
"{'pe_allocation': [0, 0, 0], 'mem_allocation': [0, 2, 0], 'bus_allocation': [1, 2, 0], 'pe_to_bus_connection': [0, 0, 1], 'bus_to_bus_connection': [-1, 0, 0], 'bus_to_mem_connection': [0, -1, 1], 'task_to_pe_mapping': [1, 0, 1, 0, 0, 1, 1, 0], 'task_to_mem_mapping': [0, 1, 0, 1, 1, 1, 1, 0]}",91.95681762695312,"[2.8590080738067627, 0.08621972799301147, 2.6931168122246163e-06]"
"{'pe_allocation': [0, 0, 0], 'mem_allocation': [2, 1, 2], 'bus_allocation': [1, 0, 1], 'pe_to_bus_connection': [0, 1, 0], 'bus_to_bus_connection': [-1, 0, 1], 'bus_to_mem_connection': [-1, -1, 1], 'task_to_pe_mapping': [1, 1, 0, 0, 0, 1, 0, 0], 'task_to_mem_mapping': [1, 0, 0, 1, 0, 0, 1, 0]}",-10000.0,"[1000.0, 1000.0, 1000.0]"
"{'pe_allocation': [0, 0, 0], 'mem_allocation': [0, 2, 2], 'bus_allocation': [0, 1, 0], 'pe_to_bus_connection': [1, 0, 1], 'bus_to_bus_connection': [-1, -1, 0], 'bus_to_mem_connection': [-1, 0, -1], 'task_to_pe_mapping': [0, 0, 1, 1, 1, 1, 1, 0], 'task_to_mem_mapping': [0, 0, 0, 1, 0, 0, 1, 1]}",-10000.0,"[1000.0, 1000.0, 1000.0]"
"{'pe_allocation': [0, 0, 0], 'mem_allocation': [2, 1, 0], 'bus_allocation': [0, 1, 2], 'pe_to_bus_connection': [0, 0, 0], 'bus_to_bus_connection': [-1, 0, -1], 'bus_to_mem_connection': [-1, -1, 1], 'task_to_pe_mapping': [0, 0, 1, 0, 1, 0, 0, 1], 'task_to_mem_mapping': [0, 0, 1, 0, 0, 0, 1, 0]}",-10000.0,"[1000.0, 1000.0, 1000.0]"
"{'pe_allocation': [0, 0, 0], 'mem_allocation': [1, 2, 1], 'bus_allocation': [1, 2, 0], 'pe_to_bus_connection': [1, 1, 1], 'bus_to_bus_connection': [-1, 0, 0], 'bus_to_mem_connection': [1, -1, -1], 'task_to_pe_mapping': [1, 0, 1, 0, 0, 0, 0, 0], 'task_to_mem_mapping': [1, 1, 1, 0, 1, 0, 0, 1]}",88.4516830444336,"[2.8737571239471436, 0.051805280148983, 2.4572539132350357e-06]"
"{'pe_allocation': [0, 0, 0], 'mem_allocation': [2, 0, 1], 'bus_allocation': [0, 0, 0], 'pe_to_bus_connection': [0, 0, 1], 'bus_to_bus_connection': [1, 0, 1], 'bus_to_mem_connection': [-1, 1, 0], 'task_to_pe_mapping': [1, 0, 1, 1, 0, 0, 1, 0], 'task_to_mem_mapping': [1, 1, 0, 0, 1, 1, 1, 0]}",91.77220916748047,"[2.852454423904419, 0.08629094064235687, 2.730722371779848e-06]"
"{'pe_allocation': [0, 0, 0], 'mem_allocation': [1, 0, 2], 'bus_allocation': [1, 0, 0], 'pe_to_bus_connection': [0, 0, 0], 'bus_to_bus_connection': [1, 0, 0], 'bus_to_mem_connection': [0, -1, 1], 'task_to_pe_mapping': [1, 1, 1, 0, 0, 0, 1, 1], 'task_to_mem_mapping': [1, 0, 0, 0, 1, 1, 1, 0]}",88.51151275634766,"[2.875391960144043, 0.051907896995544434, 2.6931168122246163e-06]"
"{'pe_allocation': [0, 0, 0], 'mem_allocation': [2, 2, 2], 'bus_allocation': [2, 1, 2], 'pe_to_bus_connection': [0, 1, 1], 'bus_to_bus_connection': [1, -1, 0], 'bus_to_mem_connection': [0, 1, -1], 'task_to_pe_mapping': [1, 0, 1, 1, 1, 0, 0, 1], 'task_to_mem_mapping': [1, 1, 0, 1, 0, 0, 0, 1]}",99.86993408203125,"[3.294826030731201, 0.04336422309279442, 2.730722371779848e-06]"
"{'pe_allocation': [0, 0, 0], 'mem_allocation': [0, 1, 2], 'bus_allocation': [1, 2, 0], 'pe_to_bus_connection': [1, 1, 1], 'bus_to_bus_connection': [-1, 0, 0], 'bus_to_mem_connection': [-1, 1, -1], 'task_to_pe_mapping': [1, 0, 1, 0, 0, 0, 1, 1], 'task_to_mem_mapping': [0, 0, 0, 0, 0, 0, 1, 1]}",99.86993408203125,"[3.294826030731201, 0.04336422309279442, 2.730722371779848e-06]"
"{'pe_allocation': [0, 0, 0], 'mem_allocation': [0, 1, 1], 'bus_allocation': [1, 2, 1], 'pe_to_bus_connection': [0, 1, 1], 'bus_to_bus_connection': [1, -1, 0], 'bus_to_mem_connection': [1, -1, -1], 'task_to_pe_mapping': [1, 1, 0, 1, 1, 0, 0, 1], 'task_to_mem_mapping': [1, 1, 0, 1, 0, 0, 1, 0]}",91.8787841796875,"[2.8590080738067627, 0.08553797751665115, 2.375410076638218e-06]"
"{'pe_allocation': [0, 0, 0], 'mem_allocation': [2, 2, 0], 'bus_allocation': [0, 1, 1], 'pe_to_bus_connection': [1, 0, 1], 'bus_to_bus_connection': [-1, 0, 1], 'bus_to_mem_connection': [-1, 1, -1], 'task_to_pe_mapping': [1, 1, 0, 0, 0, 1, 0, 1], 'task_to_mem_mapping': [0, 0, 0, 1, 1, 1, 0, 0]}",-10000.0,"[1000.0, 1000.0, 1000.0]"
"{'pe_allocation': [0, 0, 0], 'mem_allocation': [1, 0, 0], 'bus_allocation': [0, 1, 2], 'pe_to_bus_connection': [0, 0, 0], 'bus_to_bus_connection': [1, -1, -1], 'bus_to_mem_connection': [0, -1, 1], 'task_to_pe_mapping': [0, 0, 0, 1, 0, 0, 1, 1], 'task_to_mem_mapping': [1, 1, 1, 1, 0, 1, 1, 1]}",91.8787841796875,"[2.8590080738067627, 0.08553797751665115, 2.375410076638218e-06]"
"{'pe_allocation': [0, 0, 0], 'mem_allocation': [0, 1, 2], 'bus_allocation': [2, 0, 2], 'pe_to_bus_connection': [1, 0, 1], 'bus_to_bus_connection': [-1, 0, -1], 'bus_to_mem_connection': [-1, 0, -1], 'task_to_pe_mapping': [1, 1, 1, 0, 1, 0, 0, 1], 'task_to_mem_mapping': [0, 1, 1, 0, 0, 0, 0, 0]}",91.8787841796875,"[2.8590080738067627, 0.08553797751665115, 2.375410076638218e-06]"
"{'pe_allocation': [0, 0, 0], 'mem_allocation': [0, 0, 2], 'bus_allocation': [0, 2, 2], 'pe_to_bus_connection': [1, 0, 0], 'bus_to_bus_connection': [-1, -1, 1], 'bus_to_mem_connection': [1, 0, -1], 'task_to_pe_mapping': [0, 1, 1, 0, 1, 1, 0, 1], 'task_to_mem_mapping': [1, 0, 1, 1, 0, 1, 0, 0]}",-10000.0,"[1000.0, 1000.0, 1000.0]"
"{'pe_allocation': [0, 0, 0], 'mem_allocation': [1, 1, 2], 'bus_allocation': [0, 0, 2], 'pe_to_bus_connection': [0, 0, 0], 'bus_to_bus_connection': [-1, -1, 1], 'bus_to_mem_connection': [-1, 0, 1], 'task_to_pe_mapping': [1, 0, 1, 0, 0, 1, 0, 0], 'task_to_mem_mapping': [1, 1, 0, 0, 0, 0, 0, 1]}",-10000.0,"[1000.0, 1000.0, 1000.0]"
"{'pe_allocation': [0, 0, 0], 'mem_allocation': [2, 0, 1], 'bus_allocation': [0, 1, 2], 'pe_to_bus_connection': [0, 0, 1], 'bus_to_bus_connection': [1, 0, -1], 'bus_to_mem_connection': [-1, 0, -1], 'task_to_pe_mapping': [1, 0, 1, 0, 1, 1, 1, 1], 'task_to_mem_mapping': [0, 1, 1, 0, 0, 0, 1, 0]}",99.83882904052734,"[3.294826030731201, 0.043092478066682816, 1.962386932063964e-06]"
"{'pe_allocation': [0, 0, 0], 'mem_allocation': [2, 2, 1], 'bus_allocation': [0, 2, 0], 'pe_to_bus_connection': [1, 1, 0], 'bus_to_bus_connection': [-1, 0, -1], 'bus_to_mem_connection': [1, 0, -1], 'task_to_pe_mapping': [1, 0, 1, 1, 1, 1, 0, 0], 'task_to_mem_mapping': [1, 1, 0, 1, 0, 0, 0, 1]}",99.86993408203125,"[3.294826030731201, 0.04336422309279442, 2.730722371779848e-06]"
"{'pe_allocation': [0, 0, 0], 'mem_allocation': [0, 1, 2], 'bus_allocation': [2, 2, 1], 'pe_to_bus_connection': [1, 1, 0], 'bus_to_bus_connection': [-1, -1, 1], 'bus_to_mem_connection': [-1, 1, 0], 'task_to_pe_mapping': [1, 1, 1, 0, 0, 0, 0, 1], 'task_to_mem_mapping': [1, 1, 1, 0, 1, 0, 1, 1]}",88.4516830444336,"[2.8737571239471436, 0.051805280148983, 2.736339183684322e-06]"
"{'pe_allocation': [0, 0, 0], 'mem_allocation': [1, 2, 1], 'bus_allocation': [2, 2, 2], 'pe_to_bus_connection': [1, 0, 1], 'bus_to_bus_connection': [-1, 0, 1], 'bus_to_mem_connection': [-1, 0, -1], 'task_to_pe_mapping': [1, 1, 0, 0, 1, 0, 1, 1], 'task_to_mem_mapping': [0, 1, 0, 0, 1, 0, 0, 1]}",88.4516830444336,"[2.8737571239471436, 0.051805280148983, 2.736339183684322e-06]"
"{'pe_allocation': [0, 0, 0], 'mem_allocation': [0, 0, 0], 'bus_allocation': [0, 1, 1], 'pe_to_bus_connection': [0, 1, 0], 'bus_to_bus_connection': [-1, 0, 0], 'bus_to_mem_connection': [1, -1, 0], 'task_to_pe_mapping': [1, 1, 1, 1, 0, 0, 0, 0], 'task_to_mem_mapping': [0, 0, 0, 1, 1, 1, 1, 1]}",91.80171203613281,"[2.852454423904419, 0.08654870092868805, 2.730722371779848e-06]"
"{'pe_allocation': [0, 0, 0], 'mem_allocation': [2, 2, 2], 'bus_allocation': [0, 1, 2], 'pe_to_bus_connection': [0, 1, 0], 'bus_to_bus_connection': [-1, 0, 0], 'bus_to_mem_connection': [1, 0, -1], 'task_to_pe_mapping': [0, 1, 1, 1, 1, 1, 1, 1], 'task_to_mem_mapping': [0, 0, 1, 1, 0, 0, 1, 0]}",99.86993408203125,"[3.294826030731201, 0.04336421936750412, 2.0807221972063417e-06]"
"{'pe_allocation': [0, 0, 0], 'mem_allocation': [1, 0, 2], 'bus_allocation': [0, 1, 2], 'pe_to_bus_connection': [0, 1, 0], 'bus_to_bus_connection': [-1, -1, 1], 'bus_to_mem_connection': [-1, 0, 1], 'task_to_pe_mapping': [0, 1, 1, 1, 0, 1, 1, 0], 'task_to_mem_mapping': [0, 0, 0, 1, 0, 0, 0, 0]}",-10000.0,"[1000.0, 1000.0, 1000.0]"
"{'pe_allocation': [0, 0, 0], 'mem_allocation': [0, 2, 0], 'bus_allocation': [1, 1, 0], 'pe_to_bus_connection': [1, 0, 1], 'bus_to_bus_connection': [-1, 0, 0], 'bus_to_mem_connection': [-1, -1, 0], 'task_to_pe_mapping': [0, 1, 1, 1, 0, 1, 1, 0], 'task_to_mem_mapping': [0, 1, 0, 1, 0, 0, 0, 0]}",92.14969635009766,"[2.8672034740448, 0.08579887449741364, 2.030730001933989e-06]"
"{'pe_allocation': [0, 0, 0], 'mem_allocation': [2, 1, 2], 'bus_allocation': [0, 0, 0], 'pe_to_bus_connection': [0, 0, 0], 'bus_to_bus_connection': [1, 0, 0], 'bus_to_mem_connection': [1, 0, -1], 'task_to_pe_mapping': [0, 0, 1, 0, 1, 1, 0, 1], 'task_to_mem_mapping': [1, 1, 1, 0, 0, 1, 1, 1]}",91.45787048339844,"[2.8590080738067627, 0.08186046779155731, 2.730722371779848e-06]"
